Machine_ID,Operating_Hours,Load_Percentage,Temperature,Vibration,Pressure,Power_Consumption,Last_Maintenance_Days,Breakdown_Count,Ambient_Temperature,Humidity,Failure_Flag
M_0001,12,94,70.3705093457464,2.7590887549063803,32.30127931755063,396.18051818665833,37,2,36,79,0
M_0002,20,74,64.18580371254596,1.4543498603000415,36.54572193458798,392.62402176909717,134,3,33,43,1
M_0003,16,88,76.76511276162745,3.562316620623258,26.398854562405244,384.4815608209353,65,0,29,35,0
M_0004,13,58,77.65403828348538,3.4172634478581863,30.095473599787827,369.9425931702009,134,2,43,41,0
M_0005,12,71,58.81789205286839,4.137706202714778,27.398089398988024,413.2599317974151,178,1,33,49,0
M_0006,16,92,78.75071914682778,3.349594999360297,28.642721322739632,367.68423521153284,22,1,37,52,0
M_0007,16,95,85.6985049870104,2.4508530229542824,24.968653228372574,408.8689585457234,105,3,41,59,1
M_0008,9,53,65.87051926975991,4.269678839602134,28.28011964283102,295.00633838904764,88,2,28,59,0
M_0009,13,75,79.35555848374813,4.366990432678843,29.861422168773004,370.0062915699592,153,0,36,67,0
M_0010,8,78,83.92263660370133,3.2332059639852075,28.142642500692247,454.91646003470237,125,0,25,87,0
M_0011,7,94,80.8667820853008,3.060321914532972,29.19469248493099,354.9785387267755,79,0,27,59,0
M_0012,17,83,81.81006238741557,1.676728976894895,32.025202717185934,429.60509805215713,90,1,32,70,0
M_0013,11,72,72.55199758193699,2.392473657653524,36.193478845322,359.1358124983461,51,1,37,59,0
M_0014,7,86,63.724956622594036,3.760769641959354,36.55577934056299,438.789282839661,176,3,24,86,0
M_0015,6,60,70.52853537616087,2.4427196996372995,33.80710883698496,385.14455264007296,102,1,25,87,0
M_0016,17,55,69.13942898129375,1.5431621306066774,23.700092607808422,383.1676697817357,106,1,40,65,0
M_0017,17,67,74.19740953792454,6.495877789600099,28.197950072150732,402.7175739273508,60,2,38,78,0
M_0018,22,70,85.9327090545993,1.5365940415733115,28.628574846436994,332.82865164391524,46,2,23,63,0
M_0019,15,91,61.88159871835831,5.256751396434117,26.714250846057176,448.60454093782306,36,1,26,45,0
M_0020,21,85,76.44250022817391,2.69257655540174,31.711755895148034,465.1716720757869,166,3,23,53,1
M_0021,20,90,64.36598354482147,2.915437000856192,22.02835753359271,381.9984251502521,11,0,44,43,0
M_0022,20,87,67.59953082177229,2.327721727812401,38.46783234764146,426.2102085450773,12,2,30,55,0
M_0023,17,83,80.58740752611841,3.782837164737892,35.97610335760857,438.94553401060284,170,3,31,37,0
M_0024,8,66,63.10054946634301,1.5602257868899156,32.39101130950879,395.43712238341857,39,3,33,43,0
M_0025,10,86,82.34244289702978,1.159670963765828,29.689453350399077,344.5876423641067,139,2,32,60,0
M_0026,12,74,61.47835553375275,4.610171529378606,36.14419647536277,479.7041065975923,36,2,29,31,0
M_0027,14,87,81.6698040343816,2.1960276011930224,33.44702468390133,380.3739147535601,52,3,37,77,0
M_0028,12,61,59.50468730421488,3.7460881195396842,35.53318892109046,369.5432615393095,31,1,35,33,0
M_0029,23,72,68.82187320743384,1.914543923103784,29.7047395887008,481.9395965666963,33,0,24,30,0
M_0030,9,91,93.96494383129561,3.708421042894582,38.946565429320835,430.50293837781015,141,1,27,84,0
M_0031,19,71,92.08546369766887,4.68354649877845,35.83443937844928,412.8715038029007,146,1,33,49,1
M_0032,23,70,70.87475347482855,2.4728786145848836,32.54768147717966,351.4619668298725,169,1,24,88,0
M_0033,14,76,78.89960586029902,1.0665588932140189,36.279864602155776,440.14020291066106,58,3,43,43,0
M_0034,7,80,87.04068018884884,4.688793913309905,27.90419029083014,544.8259302759873,152,0,27,69,1
M_0035,20,55,81.81296174420471,3.9262443215248912,24.162498203264867,444.025383193927,128,2,44,54,0
M_0036,12,76,72.26535753545176,2.5264287662286917,31.607752565237377,424.80442481462825,31,1,25,89,0
M_0037,17,89,67.51364685963667,2.782047946731354,29.714547770932654,436.0546398243048,55,2,35,54,0
M_0038,13,83,83.68103142957929,1.889347803750314,29.011413288611855,383.5942333415729,10,0,23,32,0
M_0039,20,61,86.30703308614501,4.42025693244196,36.08156019674701,383.1174635203426,130,0,31,34,1
M_0040,8,94,92.15701834394388,2.465284392189355,30.835696066053153,382.47772578818916,15,2,30,67,0
M_0041,19,56,58.127505765469294,1.5812914624525265,31.31784536767742,371.25250223065615,3,0,22,83,0
M_0042,22,59,62.468752117989474,3.2136458815124715,28.36473720622952,382.37775671119914,43,2,31,55,0
M_0043,9,94,86.61923602147081,2.13998663842146,34.40561569639763,382.1446403875541,159,1,24,69,0
M_0044,23,66,59.48469453249823,1.969985424136892,33.509378906539595,387.76577455829346,67,2,25,67,0
M_0045,13,75,87.38549954911933,2.5699007962380547,34.368298384471466,386.366098420995,56,2,38,67,0
M_0046,9,70,72.85067494014608,3.086355315500371,27.513680166819107,412.15059285048505,63,1,37,33,0
M_0047,7,77,69.79086180663316,1.618890244085253,36.520442300234976,403.9396509103923,15,2,35,36,0
M_0048,11,95,77.05428596271469,4.385148925212324,39.19384211883187,408.36812267558514,109,0,42,59,0
M_0049,15,51,61.54631547764501,3.6771597120657873,34.21019198662353,476.1148781672241,116,0,30,59,0
M_0050,9,92,83.24014830598352,2.634637009227269,25.953558563778547,403.8367119358256,92,1,24,85,0
M_0051,23,50,91.89636997694697,2.096656513703002,25.988988578818994,510.54454964003907,138,2,28,48,1
M_0052,17,85,83.70576215814242,2.910774547083336,28.12311522203456,417.6344769911306,166,1,22,68,0
M_0053,7,75,72.53491307445859,3.899435040755722,27.178113929907397,377.63702045585813,47,0,27,64,0
M_0054,15,78,59.61964292234559,3.744584027199679,29.644536871563677,467.47916195234995,57,1,25,69,0
M_0055,9,70,60.00412543797067,4.058504300451178,33.162212331839235,396.0236366145901,50,1,23,62,0
M_0056,19,60,61.703566977606926,2.519622509019678,31.44976220374924,280.3157924132936,71,1,31,62,0
M_0057,21,89,74.87721722887683,0.07507482080332295,31.011445281931444,399.7998429082408,143,0,31,43,0
M_0058,20,60,76.13400063272604,4.247811197916247,28.79398625099927,387.5412081028021,146,0,44,67,1
M_0059,13,85,83.68443510740995,2.832803856927648,29.630770364177252,480.3273693144167,82,1,40,39,0
M_0060,19,98,57.039710135169244,3.666166065471662,33.98287753764501,355.1216657499817,116,1,35,86,0
M_0061,13,88,88.11210230392399,4.669228754640302,19.940209862500925,383.3672590960864,105,0,29,57,1
M_0062,21,89,81.94406318945371,5.434408633237682,29.943047957606343,463.3819688030229,88,1,41,43,0
M_0063,18,84,71.73163706937865,2.3501785218591795,31.439937974636624,419.720426636209,2,0,33,65,0
M_0064,23,83,63.102384582679,3.1339599071656448,33.917915342736464,391.4271587513433,104,1,32,67,0
M_0065,20,96,87.49140641691119,4.3668364606054455,24.949770303580877,362.1757166763483,84,2,28,45,1
M_0066,18,73,71.99906038762616,2.155720981477004,24.685451587734406,417.58728634375154,43,1,26,89,0
M_0067,14,71,74.79981100655571,2.417888406209572,32.91977497439067,398.53494283908657,154,2,31,50,0
M_0068,20,54,78.83611970787932,2.411961421541125,20.47773879871542,361.60853673964016,71,4,24,57,0
M_0069,18,82,65.86801094218389,2.9719096865919776,36.66094555380393,364.2076729336068,166,1,37,62,0
M_0070,6,85,72.17819420974752,2.77987631971003,31.132959957464053,359.2763942777459,94,1,23,35,0
M_0071,12,96,83.6531690202038,2.4062046777436756,37.79360606421719,350.372219311806,42,2,21,70,0
M_0072,14,69,82.64096078496274,2.0342425843937404,24.564638117152434,446.70168799861676,133,2,22,44,0
M_0073,6,68,82.73107206695238,3.8119403283952917,27.818202656408797,439.9696679310219,139,1,31,73,0
M_0074,17,84,63.44820248859568,4.337831020966117,17.96065836536557,446.78372281928966,65,1,22,32,0
M_0075,13,92,72.6341964927086,4.482714794172415,26.02155118502362,400.2249774384262,34,2,23,72,0
M_0076,16,66,71.03606164952195,2.518926442615516,29.080765596390602,387.8685606099922,120,2,25,76,0
M_0077,22,94,79.25178842274701,3.8537246722572776,20.186462099957815,388.7808945054332,1,2,31,64,0
M_0078,13,92,78.35657989648898,3.2363259027277755,28.026865939008005,451.0550786453054,130,0,38,43,0
M_0079,8,83,76.55427330742937,2.4293286513866748,20.06329911569878,308.99260890020855,148,1,29,31,0
M_0080,8,58,99.6573395541993,3.734218218708196,28.712699075442874,374.27569483212886,61,2,20,58,0
M_0081,6,75,72.09193919855963,2.383394945954503,35.73555963554118,355.63271862477916,149,3,36,33,0
M_0082,10,51,70.92176913931456,2.6238233972183114,29.825101249429387,467.9943773294204,88,1,35,55,0
M_0083,15,58,63.43250329663944,1.6232702974963702,38.29103686305901,376.1271238276441,68,2,28,80,0
M_0084,12,58,59.621526740711296,2.535778902566774,33.931462816973045,318.2005582280113,127,0,44,41,0
M_0085,14,89,62.796826227842246,3.253861209014585,36.74073924303486,411.17118211233947,140,1,40,31,0
M_0086,12,66,67.8131807455672,4.568934495677496,26.175273795608582,381.4942902553043,22,3,28,46,0
M_0087,14,50,88.10073094437853,2.646504553798313,26.05429185803699,372.15355961575193,148,0,42,64,0
M_0088,13,74,75.39163904361858,1.9618308529130661,31.72806708192684,366.99840216370865,82,2,28,39,0
M_0089,17,92,76.93330666952734,4.497368970934125,22.111489541835706,365.02576104195964,129,1,31,77,0
M_0090,7,89,74.03726691797904,2.4954475629157824,32.35571874881045,435.42801574283226,30,3,42,51,0
M_0091,6,91,78.65300993021789,1.251618343859135,28.38040091726535,411.18936832789217,126,0,28,70,0
M_0092,21,74,89.02072147217844,3.133093735136784,36.64998418773329,390.10171221847355,97,2,34,72,1
M_0093,10,88,55.06069163731964,2.675226526720825,33.397561270397055,345.0880561576832,24,1,21,50,0
M_0094,8,84,87.1833731558538,5.300395642685171,35.483532151700636,391.55533383060396,14,0,30,44,0
M_0095,17,52,49.84961547464993,3.4753660343472124,26.228969593024765,413.0313928800013,36,1,30,64,0
M_0096,13,99,75.28202711521928,2.8536576463451637,35.24105134380864,414.9327224129745,24,2,27,77,0
M_0097,8,86,96.91907354744416,2.0755027907443964,37.22356247182142,408.04421914958846,95,2,42,50,0
M_0098,6,93,81.80657939531544,3.3301668411929675,29.806430883098297,353.8703666586236,55,1,25,50,0
M_0099,8,93,78.73058935320637,4.456709950061795,26.303246903167558,279.841170370399,24,0,40,50,0
M_0100,10,79,95.01945966802973,3.3118141834772605,26.391063993827952,489.98093800259664,152,0,39,89,0
M_0101,20,87,67.96937101998856,2.152570307882054,36.195064960079826,334.51815629457343,26,1,26,73,0
M_0102,19,83,79.33967422465048,3.538806211751954,43.421728712116554,301.7521020666531,80,3,22,61,0
M_0103,8,61,80.78117097473893,2.9513931051271847,25.09177464912389,406.5257806502048,166,1,27,84,0
M_0104,6,68,69.77597865772974,3.448613103318162,24.7073997497872,314.57407483846396,65,0,37,34,0
M_0105,10,86,70.6588982050402,2.6451926498157796,34.607070903372396,359.76006257125573,75,0,36,68,0
M_0106,19,93,69.5622056677666,2.621704725738788,26.230432353166776,427.4425212904414,179,2,30,38,0
M_0107,12,98,75.87314974008564,2.5822202025682204,35.091776921141346,488.6343634237023,163,0,21,82,0
M_0108,14,66,80.46691605771314,3.9422381514973615,32.32673086763323,419.37559041361885,43,1,44,47,0
M_0109,20,59,76.23230272914662,2.6317747247589085,29.88011348751018,378.042036456156,29,4,40,50,0
M_0110,20,98,82.09461817429856,2.540269268625773,32.20635767260844,397.4290222796579,165,2,43,37,0
M_0111,15,96,55.30852714026452,2.0579340984376335,31.90099184576697,309.57070214125486,81,0,38,73,0
M_0112,18,61,72.81748836257164,3.4540138017167674,29.101967511069123,377.46239454174247,54,2,26,81,0
M_0113,12,65,64.76580689649354,3.3117018021312186,21.218194841807527,377.51091980365277,39,2,37,63,0
M_0114,22,73,78.01722512682899,2.551231775511369,30.893253642945176,407.666433106859,42,4,27,39,0
M_0115,9,68,77.86917428672324,2.290621292442139,37.86530183032082,497.10948063468857,156,1,33,80,0
M_0116,10,57,73.84377885042545,4.876173413227712,21.956156683977383,303.160235563388,29,1,26,70,0
M_0117,12,80,80.10279010532071,1.119556944875162,25.171074899305275,379.61611942127564,171,0,40,86,0
M_0118,18,70,84.97812718264028,3.493172003201721,32.13413487383006,308.3245228004077,131,1,23,53,0
M_0119,20,66,74.39479477693692,4.2914035482160084,30.192959313661405,374.8317953374746,138,0,36,69,1
M_0120,16,72,64.48305111900298,-0.38681376148830005,32.05591079792145,356.7698929441003,142,4,24,53,0
M_0121,9,86,59.18742429080519,3.794140060076179,26.50340896086169,325.28268462492997,175,1,31,85,0
M_0122,18,65,75.36110175330128,2.779745398503912,35.81229143296153,445.65460152648893,42,0,28,61,0
M_0123,12,55,77.41866701513541,3.2560548642832594,30.234502828451056,412.7823851925215,94,2,39,85,0
M_0124,7,57,65.3047611048002,2.67676203547791,33.484927611715285,439.7927814827023,160,2,32,62,0
M_0125,15,74,82.25766823163033,4.0753934456460765,31.60138705485548,373.4173087666253,32,0,44,67,0
M_0126,18,67,70.41043114175426,3.363119341671357,30.87747483980496,396.46417621099584,170,3,37,73,0
M_0127,11,74,58.435671348288494,3.131719889534316,33.134168285140646,479.73203206081575,160,1,39,86,0
M_0128,17,61,87.5643634234519,2.1011393930414073,30.93243976983475,399.86399024454437,26,0,28,85,0
M_0129,17,64,86.43987919202164,4.882292233834189,24.04900485952244,440.3978274579721,115,2,23,80,1
M_0130,16,75,54.84400563336902,3.009931019733271,35.43678412857982,369.12718486416355,129,0,40,88,0
M_0131,12,90,69.37399718346308,5.289805797460459,34.09063643124092,435.800867168213,56,2,27,78,0
M_0132,6,94,68.98416318585724,4.927569385178195,19.46574804321095,372.5540320097349,122,1,20,63,0
M_0133,6,75,91.39488659417503,1.2216490327346192,26.728998575621613,305.1788811970164,106,1,36,40,0
M_0134,18,96,74.00707289958343,2.3450540391973096,35.21180231246404,399.6208556039479,130,0,44,60,0
M_0135,14,81,60.04121801944582,1.9630489940250582,20.865357267610833,376.4848428698019,81,1,28,47,0
M_0136,8,59,83.82104782240879,2.9517939185129376,34.71783440950372,318.76093203013687,158,2,39,52,0
M_0137,12,65,62.69224454233919,3.187164020486162,29.293887321728747,409.5746425836587,120,1,32,89,0
M_0138,11,56,72.39659509278239,3.2299264678934305,36.70141285166996,355.32367575233394,52,4,21,51,0
M_0139,13,66,67.30231122119123,4.054128676018979,29.99426605462268,554.6320639231341,91,0,32,72,0
M_0140,14,72,69.3954490172006,4.493582769308869,26.389660035021862,326.7778883293166,137,3,28,47,1
M_0141,10,75,84.37258089563939,3.967487749238639,31.540428303795704,339.35375287749304,22,3,39,69,0
M_0142,6,70,90.21330161332166,2.439064785776253,29.84807255245007,443.47755533238956,34,1,25,76,0
M_0143,15,71,62.25631253620622,2.2179761348925604,25.945744329296595,393.34890596799556,110,2,20,70,0
M_0144,17,56,81.26076425507817,3.0027618358839363,41.091717415056934,442.4601154631109,49,1,44,76,0
M_0145,20,63,67.67246370310004,3.4261195264046616,25.144509092078426,419.019552694895,129,0,24,68,0
M_0146,14,64,67.98328089975925,2.8168086542828776,18.78522312470103,370.8846436034409,73,0,22,49,0
M_0147,22,56,79.90636221422714,1.6545151637477777,37.90849484060746,331.0453803460184,84,1,23,42,0
M_0148,22,58,64.72097234286305,3.682059508576801,27.082182638420367,453.5541540364016,53,1,20,74,0
M_0149,17,97,79.70602600775045,2.6076852312660965,28.516133695171522,335.577490720535,100,0,33,30,0
M_0150,12,57,82.30113356509735,2.5774872655779566,28.210469676854828,427.94529805820804,124,2,28,81,0
M_0151,7,99,70.67467738300982,2.9453873259419074,27.15174282920837,445.94993786284243,168,1,43,33,0
M_0152,8,72,88.27078102013667,2.760101082919839,26.16903764368277,393.65410979850196,45,0,23,53,0
M_0153,22,78,62.27175387938493,2.6334989444878985,25.015913487515178,384.79262321560986,137,0,37,65,0
M_0154,10,67,88.45406190611672,1.7198746930668105,30.323798808522827,350.81369476694897,105,0,33,65,0
M_0155,22,80,55.56012570514867,2.8877525330483413,27.990062211621826,423.1371358352151,150,4,44,74,1
M_0156,22,79,101.99714140419509,3.702953791906868,33.65181095166973,247.7035584459194,146,2,23,31,1
M_0157,22,88,70.93797761378167,3.264644005121289,32.41347025808077,435.78631695284054,106,3,44,57,1
M_0158,7,84,63.37692843612382,3.9481214391006447,25.36243903237298,405.9738170487857,43,1,29,55,0
M_0159,7,67,72.67328091480002,2.2714549776799933,30.542606380361782,388.8592150140159,167,2,22,52,0
M_0160,10,91,64.53522057375571,1.7219415208821984,27.910808379393234,412.1151137331924,134,3,42,44,0
M_0161,6,88,78.86965298854543,2.7541500210220033,25.041697786831673,331.32218040339353,48,3,26,65,0
M_0162,6,66,88.67657331470147,2.385763381451303,33.447157852575664,279.35036559620585,126,0,29,56,0
M_0163,7,63,65.06543773943322,2.489665016792252,29.393373603458176,423.4287534976981,7,0,32,35,0
M_0164,17,80,80.79399239174003,3.211749718081127,27.962249899147604,465.8273086092345,16,3,23,64,0
M_0165,11,73,59.672646311042406,2.4969194608953447,25.722163817883605,313.02990140316314,129,0,37,68,0
M_0166,9,84,85.32954733228613,1.7499315107936058,24.860316194633306,347.37599615017933,115,2,30,67,0
M_0167,16,93,79.16236366927595,2.441005272118002,39.94384011957273,437.61624465137186,37,2,44,64,0
M_0168,22,94,85.7618332133032,3.3400593668608014,31.670593248149984,417.9444879973426,165,2,23,65,1
M_0169,11,83,73.77653097358895,3.6714806010069174,24.54435481398592,548.1554228153354,125,3,43,39,0
M_0170,10,52,70.64843402145249,3.661422784083347,31.439329491614064,453.7828734412949,81,1,33,59,0
M_0171,7,86,83.16117436057333,3.42447309424791,35.31008088397769,441.77122359465244,62,3,37,82,0
M_0172,11,92,61.91951478441581,2.8319065340347556,30.837588062650212,361.81056500025585,72,0,27,70,0
M_0173,16,89,57.571756682664244,3.4049140989591296,36.870106710665624,426.2402898195341,125,0,29,67,0
M_0174,21,75,74.95038015959962,2.9576643418017627,22.285934289650164,474.7706831237685,161,3,24,58,1
M_0175,21,72,71.10403393141208,3.1130961378202375,20.043389763098947,391.7804617463547,66,0,42,81,0
M_0176,6,93,80.53833331781546,2.06067326213406,31.302587109268767,394.1392713131434,30,1,26,88,0
M_0177,14,88,85.91551424313997,3.0438749637607154,31.382480716869416,407.0676763303466,20,1,31,72,0
M_0178,11,64,80.33014079151138,3.3786662342514115,13.302499108728789,366.77506592638827,82,1,44,68,0
M_0179,21,98,85.11903311826745,3.3411273134397086,26.882119543989923,413.4481757061657,107,3,22,79,1
M_0180,8,53,78.21052333332165,1.7124809739407014,24.956688428082725,412.1986069137841,152,1,23,33,0
M_0181,9,78,79.94595748321099,3.0962607764033825,23.04026879648422,473.99932065903283,132,2,29,34,0
M_0182,8,71,73.8334279016773,1.5561104225360867,24.944791176950947,390.5303778744648,37,0,23,33,0
M_0183,12,74,79.65045461015183,3.173676646138526,32.9789390079968,433.73642730317533,132,2,34,65,0
M_0184,14,62,76.66652828563514,2.298662808397286,24.912974893551457,392.02173590039746,77,1,29,88,0
M_0185,6,67,78.25176796529064,4.705642942525445,25.08438932709079,431.98797208911225,89,0,40,74,0
M_0186,13,82,73.3327596691316,3.11924332929589,21.905973455711603,387.4970772104051,146,1,41,45,0
M_0187,12,65,83.08929200471297,3.801164019823923,36.34454821257913,428.6736493472603,88,2,35,54,0
M_0188,23,94,67.89547450165048,5.11087263702428,32.17316182735317,436.4117914544224,176,1,34,43,1
M_0189,13,91,74.81650979095893,2.182598188911279,17.538218985485493,346.66719334710956,33,1,38,40,0
M_0190,6,93,88.11783900207575,3.4356749109059113,25.08879960388407,455.11877103353004,58,1,39,58,0
M_0191,16,51,65.51278177078875,1.8140889907671538,32.64258942197463,391.67613065259894,28,2,38,63,0
M_0192,23,84,53.38154538247369,3.3448970082499194,36.40696274491418,376.5101652686925,35,2,37,51,0
M_0193,15,91,78.66457166297972,4.765709266450403,34.20419379683328,364.4995944164989,125,0,31,43,0
M_0194,8,83,72.43045509646501,2.3721167855582106,28.221585448710574,414.91001390491203,138,1,44,85,0
M_0195,12,79,85.10862240371839,2.114045686705404,20.343115696034808,399.7689155548239,65,1,35,53,0
M_0196,21,62,73.69484920103007,2.9088257664814368,34.351244969556554,418.5403592770843,42,1,20,88,0
M_0197,21,62,68.95660928436688,5.045817288088285,28.51551574339748,419.511039215924,85,2,35,68,0
M_0198,22,67,74.24182604181787,3.771038919953255,30.34431007307535,430.4292322675089,137,1,21,55,0
M_0199,7,81,85.93068586613211,2.0950853479439893,29.112897808957516,538.8142058076529,111,2,43,72,0
M_0200,6,81,80.75369627192376,4.455060582481769,23.22235250211866,401.98458786659256,15,1,34,65,0
M_0201,21,84,50.66097743451965,1.3449370076668132,31.821251061114946,363.27133067137135,69,1,26,68,0
M_0202,17,88,76.85767492086771,5.136559128802725,31.132295155567235,299.0093333830883,105,3,20,45,1
M_0203,10,95,77.35762132401405,3.856450680015159,27.87105578542601,340.2341600904707,150,1,24,87,0
M_0204,10,78,74.81750034799481,4.763557440006718,32.35552899931243,461.7674325376455,64,0,29,67,0
M_0205,14,98,68.8911010843141,1.3522018916159648,23.13000226288347,435.99622533865534,41,3,41,88,0
M_0206,14,78,86.94531874506444,3.1694418308596863,28.654986120584457,332.5006976742503,71,1,40,61,0
M_0207,8,93,87.44033948134862,2.8661110734342845,30.130637364678943,523.210622049961,56,1,23,35,0
M_0208,21,65,52.96839539174138,1.993020526553359,21.32536183932469,416.33822388307544,151,2,33,63,0
M_0209,21,93,67.02040522258555,1.7039763797486078,29.71451694581973,423.0158359940169,25,1,32,85,0
M_0210,8,96,73.5526934871428,3.507081258759549,33.66822573340648,512.2112589968041,105,2,20,37,0
M_0211,6,59,84.4850820371667,3.597731708113624,28.483845379785663,486.97278604141064,134,2,35,59,0
M_0212,16,79,75.34852876391766,4.299974046725753,29.829425487428278,439.05687379160804,119,0,42,56,0
M_0213,22,74,68.16406199835076,2.496578946673169,32.81172019617083,441.46069704131276,162,1,28,36,0
M_0214,13,88,82.09533577307374,2.85839018984419,28.060999455668636,446.13925480854334,9,1,41,56,0
M_0215,9,69,72.88663914449008,1.6175400750539082,28.511013002278556,387.9516434143992,60,0,35,54,0
M_0216,11,54,73.8259914084504,4.540785811994749,24.116482427337665,414.3396448772099,125,0,38,85,0
M_0217,13,50,74.72841566595923,3.069548087757243,29.925316113396175,428.7160247037356,49,2,34,75,0
M_0218,8,79,80.74308440838485,3.7225885016201055,28.3257575819761,393.66087028107944,51,0,33,70,0
M_0219,21,98,71.91450398326212,3.757905396111012,32.49544897526661,351.7290245142224,70,2,39,44,0
M_0220,8,52,81.86946492647222,4.459107157301978,32.81729977091619,386.6934799345666,37,0,29,54,0
M_0221,23,94,74.26931031592927,2.1686005327325466,33.956045195064405,350.60336960470397,31,0,40,51,0
M_0222,19,63,64.32983413582124,3.6975866003471785,27.458698245524346,403.21862854361154,169,0,31,47,0
M_0223,23,79,74.63223694304551,2.9749912936909584,19.11709457187942,310.97714239967434,62,0,20,41,0
M_0224,7,99,64.84786596854785,5.105677066340631,33.70819873232387,417.0519255253774,93,1,40,52,0
M_0225,8,53,75.40986789775941,2.165635821003983,32.15560482048704,318.43627522159176,14,1,36,80,0
M_0226,21,67,83.29473929231466,4.171426347763872,26.82354197656955,379.82634700034976,164,3,28,74,1
M_0227,14,86,64.26370993997885,3.3503417792283967,32.77470099783669,425.2050537240423,164,1,42,68,0
M_0228,9,74,78.64273405804438,3.297856094206021,22.757050987418793,439.5573355756265,79,4,38,54,0
M_0229,6,97,66.70962541646793,3.0540207260474896,35.151201064351376,433.6179604441751,8,1,44,39,0
M_0230,9,50,77.01700559916547,4.346665822836787,28.33187724102975,415.986695723694,154,0,37,59,0
M_0231,6,95,83.60204242020484,3.2638517010739347,25.855361934975523,344.0363342376254,36,1,26,39,0
M_0232,19,64,53.704869258899585,1.475584661879023,26.89149221880556,449.03041774333786,48,1,28,63,0
M_0233,21,58,63.85524173128655,4.219503568712245,28.842575069998936,345.17993177474443,85,2,41,75,0
M_0234,13,64,71.31020554890078,4.036201832131722,29.939939633502682,454.7287910227163,28,2,40,42,0
M_0235,12,98,78.15040489181615,3.5871376842128475,30.241401401997035,431.38523787408525,51,1,31,83,0
M_0236,8,73,73.33616670641676,1.8715263702524534,27.85196278020938,467.9450757369769,104,3,26,58,0
M_0237,22,53,74.5411921801908,2.0268846397786797,31.001197867307397,401.24342420081484,170,1,33,67,0
M_0238,6,61,95.42984525351257,1.122557114763891,30.04139637166717,359.061794639449,101,0,34,70,0
M_0239,21,86,62.87542721150773,3.4603298731798136,26.762135022128003,335.3673737920375,29,1,34,74,0
M_0240,17,86,86.3548501636277,1.6504511518256304,26.00904687789368,340.9210332713537,127,2,25,38,0
M_0241,19,92,71.50021872845583,1.2812491071378354,33.04182771447419,318.16126256964935,82,1,40,42,0
M_0242,11,55,80.49474792498734,4.274989119300043,32.62163017998952,447.10014584682824,10,1,33,66,0
M_0243,11,88,96.289465557456,3.768179564462847,30.285681775806317,453.37084765162,106,0,21,43,0
M_0244,18,95,81.88678023685426,2.666828335169073,34.620977329951,427.6849962628424,167,0,27,66,0
M_0245,13,73,78.7249570979,2.8659534167428045,20.193361719161828,398.34795439633604,1,0,32,38,0
M_0246,7,60,90.99122335149376,0.5926557930160579,27.178026792466483,503.04797182312564,39,0,42,37,0
M_0247,6,62,86.24798644593191,3.9167449190592203,24.21841443832678,395.0925758517996,21,1,25,68,0
M_0248,20,83,67.00605923838565,2.307268535511316,41.281361325689254,411.04584040719465,65,1,24,69,0
M_0249,6,74,77.94524742453855,3.3302908631331407,33.56609910197993,397.60742433354403,15,1,24,83,0
M_0250,10,56,57.82504265859241,0.511437738208516,29.604690081708622,383.08459667682763,132,0,44,32,0
M_0251,21,53,69.59846611625748,3.9775680321615456,33.924952894230785,431.5487244915549,61,1,20,84,0
M_0252,9,57,78.1405296759986,2.247155230614276,35.58137831877558,368.3251655397739,148,4,28,85,0
M_0253,8,69,68.97894647218742,1.6239577362106457,35.52815845762036,364.971108674268,138,2,25,76,0
M_0254,22,78,77.73366745971924,2.660398365511633,34.608517425501766,434.07346927046774,87,0,39,69,0
M_0255,22,94,74.8661538434696,2.403604782064515,28.68729838358969,375.11958167188305,105,2,26,62,0
M_0256,17,95,80.36416732395043,4.074267612909866,27.49317290258024,406.674101403759,34,0,28,61,0
M_0257,19,59,70.75800977971889,2.579604877638373,25.189054100096573,382.93359401182363,124,1,24,36,0
M_0258,11,92,65.59851085563287,4.362617026613368,32.512236333645035,399.4224350886676,110,1,33,48,0
M_0259,8,83,89.7812682617326,3.330142615789073,29.205321323356095,366.3355440766688,176,1,24,63,0
M_0260,14,75,70.04303257310056,3.8943678872123746,27.90764484741402,367.9705623625453,33,2,27,43,0
M_0261,10,90,81.60010593117119,2.9978335467721138,27.64669319136099,359.0133939094858,98,3,26,79,0
M_0262,22,98,89.35247026472535,4.272058982339884,37.250963153173444,442.1665054930726,61,2,32,76,1
M_0263,19,52,76.62669998997532,1.846376009717324,34.76340206420836,408.5942417125665,10,0,32,75,0
M_0264,8,55,66.43693430556851,3.113624457494327,39.15196928064083,445.9275411896832,84,1,27,85,0
M_0265,6,54,73.21390025452655,2.603564170568585,32.645081499460545,451.2693282271981,65,0,30,86,0
M_0266,6,54,85.17540916606754,4.396628479507312,30.28477220127449,377.00428364321635,77,1,37,48,0
M_0267,8,96,77.06247545737862,4.499034404659426,29.872987746275378,444.07924921942816,1,2,44,80,0
M_0268,23,72,62.948582077957234,3.0004212592371187,24.898492263692635,399.29396390332835,133,2,38,83,0
M_0269,15,98,80.96643833533713,1.7084888989041949,23.692905041242994,392.0663247260374,80,0,25,88,0
M_0270,8,58,82.69531469050999,3.4270973167916674,32.53670510946437,462.6183548330388,15,0,41,55,0
M_0271,13,84,71.44688113882066,1.3353902649662335,25.32660644758373,427.6884231407716,28,1,21,46,0
M_0272,19,69,81.10244375604746,4.626142798783111,31.05728876933618,382.37878724681366,23,0,32,83,0
M_0273,23,98,77.45018595460468,2.5268299293639616,35.57733341547606,424.4396657763324,109,0,42,57,0
M_0274,20,91,73.0257046135796,2.969429836582505,26.672730334845518,336.7143673915205,107,2,44,48,0
M_0275,7,84,62.06464256406336,2.319048924193246,40.05240817295789,412.3656490569808,145,0,30,56,0
M_0276,15,99,85.77953895105757,2.0982184132991795,25.046524395279505,325.02042245709083,113,0,20,77,0
M_0277,7,67,82.59210999919833,3.7372913165470525,34.95097378244923,350.78001870659085,98,2,43,81,0
M_0278,22,66,80.83886294375313,2.8413833229486785,32.12378090566181,429.23198491345596,141,2,21,86,0
M_0279,13,73,90.44526003678094,3.042482538923175,35.97047624973076,266.4877001286595,142,3,36,48,1
M_0280,6,52,84.45193727013594,1.9961089207811606,24.419011943201554,490.12559295373774,139,1,27,62,0
M_0281,14,81,81.86566006151563,3.8560592234970397,41.53510458476806,441.72463603523005,28,2,21,80,0
M_0282,16,84,52.86772651973169,3.957789735136867,29.10612458108547,308.0733438755131,42,1,25,36,0
M_0283,21,87,86.96894951802416,2.7910715131204227,33.38323969649641,519.9249303346614,99,2,41,58,1
M_0284,12,62,75.83080514282051,4.267922133331887,37.222437444732506,533.7051946243009,61,1,24,84,0
M_0285,15,96,78.12491680257139,2.8958758457754774,26.97668966252392,390.9754170505131,123,3,35,72,0
M_0286,8,74,78.19333189693386,3.779755496288821,34.1286318147359,353.6755467649878,64,1,27,34,0
M_0287,23,58,82.7383274364228,1.3770724191699024,26.142651773892535,484.3151787101432,31,1,38,59,0
M_0288,18,53,86.22175028801685,3.3534308664864123,36.9848079022892,382.81049312798706,81,4,35,78,0
M_0289,12,63,81.34241143059222,2.728518532393065,26.199096343856333,408.0519753906427,10,0,32,72,0
M_0290,9,86,79.75285589319891,3.155522425954996,30.192534912478795,460.8644866961384,8,2,39,85,0
M_0291,18,83,77.31512739295572,3.110682405655826,31.5306035050598,392.3244268103402,149,2,26,87,0
M_0292,6,60,41.48389483095322,3.125699822176984,33.921498848613076,387.94728748416657,59,1,35,37,0
M_0293,13,90,72.12408980549812,3.6157007293625534,39.84238154213273,336.3802511397391,178,4,42,71,0
M_0294,19,52,65.58410482649354,2.4348263683940212,27.74015505192755,368.4728452130992,30,2,35,41,0
M_0295,21,77,87.10739538939086,3.569079259535643,35.693673871368034,386.9615076871966,145,4,31,71,1
M_0296,19,78,81.19037198286294,4.2325248831179065,39.85129224317068,338.07184054826666,20,0,33,42,0
M_0297,17,58,70.41863012786266,1.5898589950196766,30.828666804324588,342.6032090895311,48,1,43,55,0
M_0298,20,52,71.42282817730755,2.2194599017706746,27.249336249398542,401.6800658321995,130,3,37,47,1
M_0299,7,74,71.06018636697578,2.261464574498814,21.349831302823542,307.514792716402,37,3,37,71,0
M_0300,7,83,70.88173845681081,1.9079542005490406,39.41637883705531,356.0418492189334,129,1,35,80,0
M_0301,22,61,60.55442556475203,2.525302230362941,28.77777835037818,497.22969967985114,132,0,39,81,0
M_0302,15,91,58.387205067222325,4.03311851539984,24.993207503847245,382.7265676429964,100,1,35,78,0
M_0303,11,58,75.29046772381744,4.447586924512429,23.208349578951186,376.46382958980746,54,2,32,49,0
M_0304,20,64,85.75314139359355,3.106174969746502,24.983929048049795,382.502708274258,122,2,28,45,1
M_0305,16,89,69.62310302572138,2.6757639891517995,34.59852646613582,383.2923809272834,25,2,28,66,0
M_0306,10,74,78.03444750924045,3.80292396908066,35.28934263837369,428.7434434919192,131,1,32,32,0
M_0307,6,54,82.34260917176725,0.6360315057478201,33.26060935727768,425.24330765889005,9,1,23,56,0
M_0308,13,60,65.06621794416144,1.9448215278968417,30.66168913676682,380.462079346774,34,3,28,44,0
M_0309,17,83,74.80024571280097,0.6783695933000846,23.77239705249332,389.3081288431029,43,3,34,87,0
M_0310,17,73,68.33479518726485,1.9343002826445581,26.350295270489763,465.63865589950296,74,2,33,63,0
M_0311,10,64,91.06119491831294,2.2329824730979997,24.46690294659362,324.48476227648746,94,3,38,74,1
M_0312,12,87,90.62459506862115,4.477681877937679,32.864105027631325,397.12089917256395,22,2,31,51,0
M_0313,9,57,65.07657160125149,0.23893803384401036,24.68343760569148,406.7623270175616,70,2,40,69,0
M_0314,11,54,78.85884383084326,2.583297399765666,26.428769444732037,361.16585699504424,130,1,44,52,0
M_0315,18,97,85.6759930081249,3.619566472178107,29.082563785007466,394.24316982543513,94,0,25,88,0
M_0316,20,75,83.4832950037633,3.4107306632690935,21.650999234518267,354.41617695990584,32,1,22,78,0
M_0317,8,67,75.81563034984366,4.461738133534894,30.233857154204234,431.85845353507517,106,2,44,33,0
M_0318,13,55,88.06557461764348,3.1610514785965886,29.464235594822316,333.089667224781,144,3,41,80,1
M_0319,21,86,65.95485311010567,3.374278180481145,35.921045729808455,453.11668312100295,1,2,39,83,0
M_0320,18,97,71.96907055605308,1.1614931681974496,25.90067227483124,396.3347421455221,72,1,35,86,0
M_0321,23,62,66.22357580240426,2.011731141823191,23.504022408438324,377.5983070283145,176,1,39,70,0
M_0322,15,77,82.82493494700621,1.2172952565519763,28.129701752043577,349.76514501728633,50,0,43,52,0
M_0323,22,54,69.17363125700548,3.5726081079140997,24.50954353281992,451.53288979937327,141,0,42,76,0
M_0324,10,62,73.28750824562914,3.348690451757246,30.19577295906562,367.40689329830207,15,3,36,89,0
M_0325,14,66,81.17670368265749,3.3135379672835152,20.70032569086697,341.63757202527586,53,1,35,38,0
M_0326,17,99,81.98249913777816,2.1185663915419255,26.973272983113592,452.57316595040595,172,2,25,53,0
M_0327,6,89,65.92873653744749,2.0270502206833347,25.358141650888903,354.78470932526704,8,2,27,50,0
M_0328,6,94,85.56655283772793,3.209446932296417,32.83878538543034,395.27588429277563,74,1,38,70,0
M_0329,20,81,79.55689668667252,2.330613947228865,25.947176451873176,440.94018878686313,46,1,44,75,0
M_0330,7,78,64.18297160419598,1.9795954361677632,21.319521207007504,407.8978801390477,69,2,21,84,0
M_0331,21,52,61.72284104243387,2.491610628741932,28.990899515327257,486.54257729349865,114,2,33,82,0
M_0332,13,89,74.84180289737932,2.3392579639646915,31.599430701372544,358.2524815856161,147,1,41,45,0
M_0333,18,83,83.5009398931681,2.1332770253715467,28.64397403369637,389.47443317001296,166,2,31,85,0
M_0334,6,89,83.7571586240098,1.774232183242398,26.943386103904462,393.34109298661593,123,1,36,84,0
M_0335,21,76,78.56166877224842,3.4486897683389066,26.642189497078686,431.0617476286998,139,0,34,54,0
M_0336,12,62,75.48674838326826,4.556049439477057,30.56474016221017,464.43115639190466,117,0,37,55,0
M_0337,10,94,80.11737669079005,2.960995799381346,25.552756253802258,403.68082548143485,43,0,35,78,0
M_0338,8,82,66.44669485610741,3.222434136969928,28.357585142947332,393.1168084819858,20,4,32,74,0
M_0339,17,55,91.86987863025391,3.536377852601704,33.75223285443687,325.8504066085067,148,3,40,38,1
M_0340,21,73,91.7393841812252,3.366565757193122,23.493384605471775,405.61905948983474,21,3,36,44,1
M_0341,10,68,79.28812314620697,2.153087671683021,29.78166490129864,367.4849995001773,82,0,27,68,0
M_0342,19,65,76.97300419992852,4.719846211102585,21.055052936014974,430.9218155299385,57,2,20,62,0
M_0343,10,89,70.8857902734063,2.242689486322039,31.139648350049765,379.5157905390986,178,2,44,30,0
M_0344,20,77,80.2874884579966,3.648088364660409,25.105953946004696,387.96809728149645,74,2,22,34,0
M_0345,22,82,68.08682628983223,3.5301913073429114,35.09795906515397,326.9865992708215,98,3,35,85,1
M_0346,19,97,52.76387969004469,1.0415584578653623,22.615263451773256,309.42739581187305,154,2,21,38,0
M_0347,10,90,47.858926995089135,2.6411535830870805,32.21039518400504,493.04935200918055,158,1,34,73,0
M_0348,17,62,67.00501666836513,3.0566284518121702,36.105655392632464,406.4841954782638,110,1,20,35,0
M_0349,21,92,76.56378122918278,3.133151211424286,24.846552992897657,420.2167738815304,115,0,28,57,0
M_0350,21,94,78.31971733953483,3.301420515516767,25.690575355025302,354.38525184086234,159,1,35,74,0
M_0351,12,74,70.13242991490715,3.757662872939976,25.279021778117013,443.7761803589306,42,1,23,55,0
M_0352,9,91,76.41835167142904,2.992484635729222,27.57068655797848,434.756994795218,68,1,31,57,0
M_0353,6,85,72.25771642945469,3.354617568017944,32.587108995947325,359.8786402788595,70,0,20,69,0
M_0354,10,76,65.00687242349862,2.955045413227617,27.162475330564384,347.0247282077307,78,0,20,44,0
M_0355,15,87,74.46255491030875,1.9826663432452265,24.395208873968215,363.3736158086364,90,2,26,35,0
M_0356,10,56,83.12957112365649,3.032401441369674,19.90623146708355,398.5858675646444,111,3,37,56,0
M_0357,9,54,65.45938252253677,3.74908984425307,38.009737532561985,408.3553501570113,112,1,42,67,0
M_0358,7,92,65.46395386980302,4.108788382475365,38.402478152073236,401.9197004119325,103,2,42,33,0
M_0359,15,94,64.30749406047842,3.537315657544204,32.80118519744229,464.9365054320102,145,1,34,40,0
M_0360,6,80,55.634812654918846,4.334350325949299,25.948081527875075,364.2521574951971,19,2,44,50,0
M_0361,10,72,70.19797625852982,3.4188647474089806,33.73851057565823,345.66690044855403,179,1,32,59,0
M_0362,18,91,82.1408611295253,3.8638798216688373,34.743534587465334,400.004951092591,70,2,35,47,0
M_0363,9,59,76.73916083833763,3.9373911492797857,28.728759342936332,315.3457592084527,63,1,26,64,0
M_0364,21,81,73.30749115943694,2.7766494591162645,30.20684271999445,434.7868749255309,75,1,35,32,0
M_0365,21,92,76.2906479824017,3.7260034325676683,36.15884114744746,404.8981632238063,158,2,32,41,0
M_0366,7,79,70.11018512570841,2.0593551023590857,21.79769321471796,383.0980979545027,153,2,33,56,0
M_0367,22,88,55.52113362736527,3.349812342548864,34.99211411561087,380.32235633754306,104,2,36,82,0
M_0368,17,80,82.83718781814565,3.5770258266684527,28.454230943217432,445.49978910606166,75,1,31,59,0
M_0369,23,67,85.71124573784651,4.05109512069933,24.437108489944748,443.9073967669265,128,1,43,50,1
M_0370,8,85,67.71843223932213,3.820759303981306,24.84846763352831,387.68140707933236,154,0,43,67,0
M_0371,6,51,73.49164379393444,4.064114183334714,25.676389327404557,429.5884411778939,56,2,39,50,0
M_0372,6,63,72.6300082893984,2.900619669873577,23.949646399493986,443.1685230920169,22,3,32,89,0
M_0373,16,62,78.51288809424541,2.654606845329953,38.85694487194508,416.7763112812356,89,1,43,67,0
M_0374,10,78,91.8989345662629,2.7251012421143836,32.45601469250501,389.72674901856374,19,1,39,69,0
M_0375,17,61,86.59791245289306,3.26628373044863,35.32241376804284,419.0583853745301,159,0,34,44,0
M_0376,8,88,71.23085774586104,1.1912529843577477,32.81184145808339,348.04566785353126,26,0,43,47,0
M_0377,6,51,80.42463861500237,4.3317569703945535,30.306138042350867,403.5552784646963,170,0,40,81,0
M_0378,6,81,87.54356868572712,3.043873359828975,30.37377661682816,388.34368721868714,169,0,23,58,0
M_0379,13,62,79.08345164394778,2.5849984176648806,28.01243680545069,380.5067188103266,23,0,41,77,0
M_0380,15,95,74.95300595559827,0.4702837893945393,28.421088117799147,313.67394940682846,47,2,21,67,0
M_0381,16,76,79.46000094667185,2.963186493821717,22.959483130935542,348.62011242937854,13,2,37,89,0
M_0382,17,98,67.96728477436527,2.8015234849242443,35.40913075520132,375.70525879373093,66,2,21,50,0
M_0383,18,90,69.42718875895919,2.102953569354745,20.933833569984774,444.7519590319378,144,1,44,46,0
M_0384,17,66,64.35965764798902,2.326953154872988,24.706947047354006,414.2911745201994,73,1,34,70,0
M_0385,19,89,78.07064516570243,2.9733633555548367,40.06017065480305,446.9837124013951,156,1,38,80,0
M_0386,7,80,73.68597093977762,2.411763540412317,30.680864415324134,462.1456691200065,77,1,34,47,0
M_0387,23,83,66.7688193865192,3.571878066178356,30.888552225150995,416.4654572624748,163,0,39,86,0
M_0388,8,73,73.35820588379495,2.251216411355984,33.186692738838644,407.01467053401484,169,2,29,84,0
M_0389,22,94,79.6999826076317,3.1546084295207777,22.298312534393023,351.3503001657395,31,1,43,66,0
M_0390,13,84,94.14712305997992,4.18004536881117,23.031033167649884,499.33356322866547,85,0,39,89,0
M_0391,15,97,85.12067864703857,2.9634041374374487,27.775528267255766,329.10779641449045,160,0,30,67,0
M_0392,7,55,52.1585214251766,3.355977123959746,25.48319521226155,405.93670441042474,59,1,29,41,0
M_0393,14,68,77.39308466820346,3.292651387400598,29.625220174952997,441.6399501772691,41,0,42,40,0
M_0394,12,79,89.29324262712855,3.007996899617266,32.42774647651068,442.3368788765669,112,1,24,77,0
M_0395,9,56,61.621265087897676,2.93299285805649,36.94581523935298,342.2455454780338,96,1,28,81,0
M_0396,23,59,80.51559270212424,2.428625778550088,34.05544169894795,379.00484985662047,168,2,39,78,0
M_0397,18,90,72.63357814468954,3.1510122905578193,25.02861644155523,360.05226139411684,122,1,38,49,0
M_0398,16,81,86.5029053091616,2.716732491160533,28.125179610261036,300.97828852169897,156,1,32,38,0
M_0399,9,83,79.04257195013452,4.5460901682347075,26.765274143751927,406.5163370872481,165,0,37,30,0
M_0400,9,77,66.15984545440793,3.8111432591099113,24.917195604938254,364.11923018800115,105,2,36,87,0
M_0401,15,64,72.99148521709381,1.547204104111654,23.779124436610836,475.27411423556725,74,1,25,32,0
M_0402,10,79,73.58304323952378,1.6028420017819225,38.3215619386227,430.75872190943363,132,2,29,50,0
M_0403,14,86,73.76821785189951,2.869540130960635,30.05321121616325,402.07009751070535,99,2,21,52,0
M_0404,8,78,86.19262944775264,2.6046945225602536,28.87884896697626,376.3650233814566,126,0,43,38,0
M_0405,22,71,66.5738007860977,2.8168060817780747,32.42128783297151,405.7558034892837,138,3,25,83,1
M_0406,8,53,85.03051309661184,3.6511614606523133,32.66873051870787,387.206309204211,175,0,40,48,0
M_0407,21,69,71.9775032407848,3.315735898877357,35.59412826853211,403.4769554446554,75,2,32,74,0
M_0408,9,81,77.23511106329165,3.3056292304581545,26.281691933166172,495.0817885415984,14,1,37,84,0
M_0409,23,85,75.72377586281034,4.446194665495394,32.0136110843641,346.76219223261614,38,1,26,75,0
M_0410,22,99,74.78194661918165,1.6111084458269207,25.444130118245855,391.5679065675863,140,5,21,81,1
M_0411,12,53,74.86397165554678,3.103938834148899,29.049210281306358,435.3194200151112,45,2,33,48,0
M_0412,10,76,89.57358558271021,2.420947452052746,30.28371283581027,379.99295791070875,145,2,24,52,0
M_0413,17,66,83.42449924906144,4.435435785839352,30.772419978595305,479.0270920304185,163,1,37,56,0
M_0414,22,61,71.3728431042007,0.7906483941766562,30.551605529235953,433.9229576505919,75,0,30,56,0
M_0415,18,71,90.82787254122091,0.8345184142869986,34.0091549127246,364.0554792415188,169,1,29,68,0
M_0416,8,66,77.74681073992853,3.304636296348051,27.01505804512114,410.2034351137491,29,1,30,65,0
M_0417,14,59,78.57624259323894,4.126296559324147,30.908371364517357,364.76956329060994,18,2,21,41,0
M_0418,22,50,66.62680920668609,3.77325432131705,26.205475802398,360.16708428229526,20,2,34,84,0
M_0419,22,71,70.02501341594859,2.1990192066822916,44.60376282942941,392.990101014521,14,0,26,56,0
M_0420,21,75,68.11496492072824,4.50642172200158,25.43567841118185,463.18805809508905,162,3,28,75,1
M_0421,18,67,75.86072864993675,1.7685312514057916,26.496736728277227,437.2722519892358,177,1,24,63,0
M_0422,22,99,81.38783079448208,4.307484189543345,34.4132403850656,398.8711196751372,54,0,26,62,0
M_0423,9,63,78.67232299422213,1.9007717496418564,27.852674282494206,439.0593097401196,31,3,39,57,0
M_0424,17,96,90.88044156069581,2.648175827662778,34.41523063850515,413.4309355207914,58,2,21,60,0
M_0425,14,78,66.12241994788765,3.6392695378569173,30.765112968629424,341.5053487187356,104,0,22,61,0
M_0426,17,61,76.14869043538881,1.533792169103835,27.98405366723105,392.7431190405845,170,0,21,79,0
M_0427,14,85,62.17060670701706,4.469023397540767,26.236223254376114,396.34202020092675,128,3,40,49,1
M_0428,12,84,65.78129028396738,2.6420561685986854,26.055817191815635,438.08451684629813,158,0,41,69,0
M_0429,19,61,87.64578377338464,3.1372761356782894,28.03839498743629,371.67647496989514,25,4,42,64,1
M_0430,20,56,70.36835133528534,4.162200789040752,29.12801840827601,354.36677121696147,19,2,38,60,0
M_0431,21,78,66.9663620393973,2.20687465483285,25.840593782880628,397.72265216065966,136,1,23,87,0
M_0432,10,60,53.700231244170524,4.060813686255389,29.453837849067277,367.7287748002724,3,0,43,60,0
M_0433,8,82,66.86645352211082,4.640533570892369,24.529423536659962,383.8245390208182,86,0,39,67,0
M_0434,17,55,72.94719725805021,2.344421002670421,33.77950608298176,395.9560213554437,145,0,26,51,0
M_0435,9,96,61.42597040213789,4.369387672596295,34.736811997299824,380.84779181377723,142,1,41,74,0
M_0436,21,64,72.37216611017531,1.239421405758397,26.478374048957342,448.1591371426408,9,2,26,70,0
M_0437,12,81,87.70631060658224,3.389600394794567,26.1991347244239,470.7147553002211,94,0,36,38,0
M_0438,18,60,67.92694659671668,1.7714014842961914,30.88958403504936,443.1455371479107,149,2,38,81,0
M_0439,15,72,65.56616950630064,3.942568548536189,36.326830465157826,311.44014174225686,165,4,41,38,0
M_0440,12,75,63.76098533134907,3.8604560484222032,37.43331832126587,367.9013168849083,139,1,35,44,0
M_0441,19,83,63.582359074842,5.077379995591244,22.986286383818666,391.06739404839027,20,1,22,42,0
M_0442,10,95,80.35577446888429,4.4212829829524996,35.03152414825762,307.6863370324962,35,1,34,51,0
M_0443,8,83,75.4866873688305,2.834228802398545,29.692233310324028,356.205414142536,53,4,33,45,0
M_0444,16,78,84.56856879275574,1.9182525127011596,29.789051497697326,390.4285015383725,175,3,34,61,0
M_0445,16,53,95.19837891654255,3.56568707966939,32.5235618282528,377.5512959435469,110,2,33,31,0
M_0446,23,66,56.69608868090852,2.9392685896145068,27.59521264791943,400.4325088654459,136,3,26,55,1
M_0447,20,84,78.80078708441773,4.551155044595704,35.483503160541524,330.9585819361523,4,4,44,43,1
M_0448,17,62,63.8138066556644,0.8336191565842217,37.119811358849034,376.9858824641582,155,3,22,88,0
M_0449,14,90,82.8889929803345,5.188056759288627,37.30642138767618,407.59548753632896,172,2,36,67,0
M_0450,15,88,72.28087998926564,3.5319906076118035,20.780426058673598,400.5100735712435,168,1,29,63,0
M_0451,17,64,75.27322760864173,2.1869878782796275,28.851713656357852,422.34467888239413,102,1,34,37,0
M_0452,22,78,62.16822572070192,3.733989227418566,20.32384707596121,419.4287180998767,47,0,25,65,0
M_0453,11,78,70.73572974886832,4.2974214212897035,26.17359969028329,379.64465156229176,94,1,36,50,0
M_0454,12,60,75.8966225110826,3.114346891303689,18.012505644351712,406.0059441537561,172,1,36,85,0
M_0455,19,81,88.56078146806708,1.2350796158551571,32.25133317319743,360.00034526524814,48,2,33,75,0
M_0456,18,51,67.05439472591446,2.706152963652894,31.09654817790087,386.48858404863563,91,2,43,72,0
M_0457,13,96,69.49308428469686,4.0393950530421385,27.836994467216172,347.2191264025147,84,0,44,85,0
M_0458,15,63,84.44289642182281,3.496664734227375,26.044259447248493,453.27122161381294,68,1,37,57,0
M_0459,14,69,66.4065971630069,2.843492969164627,31.57015812176835,386.3252849734634,139,2,44,75,0
M_0460,23,71,86.42385143974126,4.308315830891436,24.942889643144518,453.19717231140316,125,0,24,73,1
M_0461,7,60,74.90913425273745,3.7393058408322966,24.602689426163366,415.5748034344223,73,1,27,77,0
M_0462,10,76,78.03122961591843,3.8163391559383437,23.987918990326456,355.71688691718845,4,1,26,35,0
M_0463,10,52,78.6752230250937,2.5893653080191985,28.980795346306756,412.555329950076,76,0,42,49,0
M_0464,11,66,68.83779446593392,2.4926163182539014,27.088462152336184,440.48591325439224,73,2,23,60,0
M_0465,13,93,78.89886819472395,1.3000402793169787,28.07880990768165,396.12096041987434,77,2,37,62,0
M_0466,21,77,67.276302156857,2.7406082440627437,32.60904370009366,403.7014676170619,48,1,24,73,0
M_0467,18,78,69.9789699590112,3.935392053798128,34.8164830242975,372.4271345822461,154,1,35,36,0
M_0468,6,70,80.58690966033275,2.795906702984413,37.252403924479424,401.2051613238674,102,5,33,37,0
M_0469,22,96,77.93393955641903,3.445538846529005,30.30068488984146,411.8949094401071,106,4,38,38,1
M_0470,12,65,74.25035049160952,4.11119935665328,31.737945512813848,371.0592092940745,77,2,33,31,0
M_0471,18,86,62.41268350736989,3.3728329917986324,30.94423178565457,346.03520316601725,39,0,28,46,0
M_0472,9,69,64.9084171065037,3.470514761760802,21.629071505930483,464.39852497915973,58,1,25,81,0
M_0473,9,55,77.76709043904985,1.6421775379624457,28.15151472014457,430.20602529923707,19,1,36,74,0
M_0474,11,68,82.32140563485116,2.677435215898023,28.17450888629668,372.61709473143077,88,2,38,66,0
M_0475,17,54,63.90354495479243,4.726626506496595,27.445935871151942,410.9828628579028,113,0,31,71,0
M_0476,12,52,66.60174752547832,3.1037971810960934,29.79530335690581,326.07106661635055,77,0,23,73,0
M_0477,15,50,76.34185174177719,4.896738181996575,28.902597233928358,301.1464513044822,77,3,35,46,0
M_0478,12,87,76.12787862629094,2.2768843693610528,25.06836618037471,454.20665437389005,28,1,44,82,0
M_0479,8,64,58.76042791238959,3.2339474521345397,29.244870230764736,411.47755701307705,66,1,30,67,0
M_0480,18,83,76.6156301343999,2.617321562448132,26.804748014574848,397.6148765257692,10,0,41,64,0
M_0481,18,84,69.01632189769781,3.591984685124553,16.903786365415538,411.63286024064763,126,1,23,89,0
M_0482,23,98,91.41046629728959,3.895008668060121,23.014655398447683,561.306582945985,58,2,36,76,0
M_0483,13,74,77.49198542735657,3.6024660957009003,30.444571629065393,443.4547643122662,142,0,27,68,0
M_0484,14,73,79.21473449875903,4.041852143748029,35.45945657077055,347.72798668125967,125,1,33,59,0
M_0485,12,61,79.47359302190611,2.9868270114776734,17.863983711608675,315.9811804039838,112,2,21,35,0
M_0486,6,67,62.860726193474356,2.8094716323363222,25.648041831231712,452.7267881679708,84,1,30,33,0
M_0487,8,64,94.43876893108603,1.2418069927240283,32.1572691699738,442.80479271150034,143,2,30,80,0
M_0488,18,93,58.77088752548826,3.638450935164565,34.39097731876584,428.75303837752205,96,0,43,66,0
M_0489,22,65,82.95703141699742,3.1721840922401574,27.89943219211991,359.35604845503036,33,2,41,64,0
M_0490,6,76,81.18663937480649,2.9320852624374667,26.586088207894655,418.1642694941988,145,3,43,87,0
M_0491,11,57,70.2299762008704,2.8091825945456548,36.098553749450964,363.83274156282675,152,2,25,86,0
M_0492,11,95,81.66450316713389,2.96312043865621,33.980463529992846,433.1390943010481,158,3,40,38,0
M_0493,17,74,71.82426801176263,2.7637638685020827,34.29309199038008,449.1328453636171,141,3,40,35,0
M_0494,18,66,68.24538555144221,2.4719661614366952,27.659679987546273,372.8263620585232,47,3,33,42,0
M_0495,18,78,79.69559169352928,3.2395888807241686,35.56847118841839,456.5905080607712,112,2,29,88,0
M_0496,20,57,64.93439008912098,3.484159118932953,20.274656335681442,405.7426199781355,144,1,27,51,0
M_0497,21,64,72.75744841242431,2.2294320856138192,35.656150458295066,424.59366062209926,43,0,26,57,0
M_0498,16,76,69.05823251270043,2.5992644308126094,29.667339232790553,334.51833181545976,8,0,27,59,0
M_0499,10,95,71.64020490427055,2.7953782487351315,30.644670956239075,411.610725297745,3,1,27,81,0
M_0500,9,99,79.32728599130185,3.004813307376785,25.273736709612614,366.2207806292666,125,0,42,65,0
M_0501,8,56,69.05633627653793,2.871814530414233,20.929868259459248,423.7316727007087,12,2,21,31,0
M_0502,23,52,73.07676086927636,3.659721199656394,30.538520738958653,473.3581334825631,84,3,35,87,0
M_0503,20,78,69.96854748098418,1.3476329842961907,32.756972747956986,414.47601046581764,16,2,28,65,0
M_0504,14,93,89.43996665574545,1.524962801659883,33.513461924093825,354.9572546783408,78,2,32,37,0
M_0505,22,73,78.4261239821389,3.193569399253578,32.97389297912293,431.3233045888793,59,1,42,74,0
M_0506,19,52,77.2006963296672,2.3973141521722114,31.840808475267288,420.08943728938584,177,0,31,71,0
M_0507,20,69,81.83418504623424,3.8842423057738107,25.3810678190352,502.93008732001545,63,1,41,79,0
M_0508,6,95,69.05865423225113,4.169800952588551,33.837380362600165,412.69839804504716,49,2,44,38,0
M_0509,8,64,83.5925722499984,3.23374717642291,24.821888262623357,370.72625043879657,51,3,36,30,0
M_0510,21,74,78.46177745832742,1.9280250837258208,35.535321180325674,438.53206128231886,33,1,21,42,0
M_0511,16,79,59.391090972459345,4.054593516227059,29.580090655969137,393.6160963847203,30,1,32,79,0
M_0512,17,63,60.719691668992354,3.1989026621503274,29.74645390067258,404.0125494855887,76,1,20,44,0
M_0513,15,56,69.27702947215934,1.5130640274728824,34.32963309152551,353.5761984812224,15,1,38,61,0
M_0514,21,66,61.7899350413483,1.6014803519348157,35.007343127670694,393.8782593598293,82,2,30,63,0
M_0515,13,93,72.61721539300417,4.516946789708645,33.85319339475069,401.5402348745218,92,0,24,72,0
M_0516,11,69,64.86262008584136,4.3511359132612295,25.897710752221656,393.5825662131561,23,3,20,60,0
M_0517,17,85,74.02276946929081,0.4828568579037551,33.81334775219276,370.4556318784589,94,2,39,43,0
M_0518,13,58,89.11709375931456,1.6422091047421232,25.92605195014776,414.41145651726475,45,2,32,83,0
M_0519,9,87,74.50623096443815,4.140855495621655,33.939507008638294,353.8263791579083,62,1,27,76,0
M_0520,13,97,71.97035545098072,2.9815074116069518,22.874184019688677,342.05026997380025,15,2,25,43,0
M_0521,23,71,78.88242647785344,3.701849285492093,29.531599690308177,435.47680853632204,46,3,36,77,0
M_0522,10,51,68.03580207077397,2.938047253901903,25.895544302471645,430.8875089043642,64,1,31,84,0
M_0523,14,73,83.43414309396,3.6544924900712035,34.34967826224013,334.6197759659824,174,3,20,58,0
M_0524,9,57,79.95212953124113,3.005833546665434,35.57583387044507,308.52224767837686,172,0,22,76,0
M_0525,22,60,75.38865562048564,2.5623917432430336,30.994982568959664,349.5628977301716,75,3,33,48,0
M_0526,14,62,76.54315831633586,4.0587438299148095,30.83054571968942,393.5850502763401,157,3,27,56,1
M_0527,6,66,95.41745910562852,3.202054616025646,33.52088561240568,457.7174787382753,52,2,30,38,0
M_0528,18,57,84.42312210267868,3.6523887162435664,35.60557439974559,392.362771609374,88,1,33,66,0
M_0529,21,70,96.99526631161334,3.1574479249607665,30.18655587331081,361.5319475635984,57,1,27,66,0
M_0530,18,67,80.32030193292452,2.513643106450187,27.5016233752601,407.42931145415304,83,2,22,72,0
M_0531,19,79,60.28308557329312,4.608389311357192,33.23633743220244,394.29919423752096,66,1,26,57,0
M_0532,8,67,72.3782629713616,3.3549682547576656,20.706363144531643,330.9496346273501,150,3,38,81,0
M_0533,11,95,57.997951254519336,2.6449513556278483,34.54825769779413,331.2468557540644,20,4,23,86,0
M_0534,23,96,80.28303034666918,4.278329470318716,26.44906525279144,332.5901248942353,33,3,44,53,1
M_0535,10,80,82.45404197345403,1.6791762261210428,28.798860668637754,523.9925767453968,72,1,35,57,0
M_0536,20,87,66.14084004040721,5.236283650795986,34.58025661559155,442.9990720136807,25,1,32,65,0
M_0537,7,81,68.44363620353147,2.8208502423365713,27.922452418051545,370.31419707323187,46,1,39,81,0
M_0538,15,60,76.48750896235215,1.7319857926166236,33.23704439287401,455.4133411414466,73,1,38,47,0
M_0539,23,94,63.01895936735782,4.905941348457565,35.69454377037207,371.59718561692677,98,1,24,54,1
M_0540,18,74,62.268402307574675,2.5368323869272085,30.55016545023753,453.7590198486865,57,1,42,64,0
M_0541,10,82,87.3863204804112,3.2432445698556274,31.55724077912356,404.0153228534727,87,1,24,33,0
M_0542,6,87,76.14710618163969,3.7176907414394638,29.402820630281404,367.0574375101352,133,1,39,43,0
M_0543,6,90,69.41890642294044,4.184172527660145,30.577989985318602,433.9910172914485,55,4,43,68,0
M_0544,23,57,58.07881111442781,3.2997745637215647,24.417976100249838,406.87597863618424,61,0,23,55,0
M_0545,20,60,83.52351356894472,2.352684591669963,28.531309567209625,419.9133886089663,89,3,21,37,0
M_0546,22,71,68.15481787783031,3.2189925233339927,23.5589719650874,410.77535115920546,8,1,32,53,0
M_0547,16,73,93.60684445870538,2.580684454668279,25.506163877363008,410.2507386435464,16,2,35,45,0
M_0548,22,90,83.59310097693445,3.249011676364524,19.985254896639187,440.02769440433724,176,2,41,49,0
M_0549,18,66,66.91858145592731,4.628149545756858,31.319640767524433,529.1903424408833,116,1,21,44,0
M_0550,6,61,67.84528302868529,3.7559251916437937,38.45801082688707,462.4395950274779,61,1,38,36,0
M_0551,7,95,92.21851162944331,3.206646438098339,27.719471324297146,410.98225801415225,15,3,36,87,0
M_0552,14,81,74.15740553165496,3.7384908326063404,34.8256679528619,384.46965425502134,150,1,24,46,0
M_0553,8,64,69.8668877167663,3.8100806519091854,35.62846408008458,389.9632540999004,131,1,44,51,0
M_0554,6,65,75.2772168847657,1.9221258970312747,24.004313828258645,337.19353526947754,102,1,37,51,0
M_0555,21,71,69.8208734994621,3.041722711215698,25.08103041154589,433.2271771276608,54,0,42,83,0
M_0556,11,77,77.41048477108166,5.562527659332516,34.953990441761036,349.25386541708286,14,0,40,41,0
M_0557,22,69,74.24176378481737,4.2128209850318665,29.53829318504074,381.37728439753687,36,1,37,47,0
M_0558,10,82,83.75507980511509,2.4965644408388004,23.54605566924704,433.51743514509997,105,2,27,85,0
M_0559,10,59,71.11425896760873,2.3967921038823783,26.815702065356962,388.1337348101737,82,1,34,75,0
M_0560,11,89,66.15183633310353,2.3634742768243977,32.09830122406033,375.38560047353735,67,2,32,76,0
M_0561,8,81,71.51015303376414,3.8663199502620573,26.03031662947583,340.1259656947178,10,1,32,44,0
M_0562,10,99,71.44916101775954,4.607640921116218,16.12731567282803,460.26633661524056,49,0,35,66,0
M_0563,10,82,74.22466184806007,3.582167044480058,28.38993411396082,358.33890672735606,111,1,41,45,0
M_0564,15,51,81.34540288057225,3.157162349868818,28.79503403072402,370.7062086526025,65,3,39,34,0
M_0565,15,82,80.7990896747192,2.5558446423672283,30.046132170721638,310.4135290083069,57,2,32,31,0
M_0566,22,82,86.99658675858568,3.329373145583527,36.29441686644765,399.006947609605,27,1,39,81,0
M_0567,19,90,66.88510322266475,2.1798782799037904,30.267613989495228,383.33525568192204,113,2,21,57,0
M_0568,14,62,78.88720123051108,1.0642344527887615,31.214686772128537,409.09289584842065,133,0,22,86,0
M_0569,19,79,82.27319847020715,4.636825690112449,35.27768486824709,341.26841615212135,71,1,34,70,0
M_0570,6,82,68.25779593688137,1.9941873296378907,30.05172007917881,436.7090396767568,83,0,42,83,0
M_0571,18,62,72.92368947017621,2.6751676263306807,40.68260372645051,308.0394723576942,57,1,38,56,0
M_0572,18,75,57.50022125781203,3.656357450629291,23.68145853010499,395.3911250008797,120,1,32,60,0
M_0573,9,71,84.06857695125736,4.434466869346053,25.32926143446078,405.77441415697916,93,2,24,70,0
M_0574,6,88,72.8450179768013,3.2571306524186214,33.06979204135407,402.88870033530424,15,0,41,65,0
M_0575,22,51,83.06564176680999,1.8062890123391717,36.271567664693194,407.88774355801337,111,2,25,76,0
M_0576,13,87,77.06049517879514,2.698653550308449,28.99602501565688,439.43358421304333,101,0,33,72,0
M_0577,7,88,73.14834771025126,2.3215145949749205,24.94689414605297,466.2349352486525,119,2,23,30,0
M_0578,13,75,59.07197200647514,2.961788972528679,38.80494792612676,392.21960358435297,76,1,41,79,0
M_0579,12,95,60.850473892835595,4.2319844712696355,26.038155525978446,351.6078682430193,158,1,38,58,0
M_0580,7,99,49.06853815658258,0.4626114039301159,31.695272255664893,428.03586411463783,20,1,42,30,0
M_0581,8,64,69.37386517171343,2.588610169972509,36.57075905673893,385.98803076279046,165,1,26,37,0
M_0582,23,83,97.78248703181248,2.5159503636129816,27.791973882894894,463.230985581109,131,0,23,86,1
M_0583,17,91,62.12052610482,1.7432386551043604,26.88936081371643,369.9016692813937,73,1,21,45,0
M_0584,6,93,48.685681165800936,3.585490743749616,27.23156128985168,357.09945556836095,122,2,26,87,0
M_0585,17,98,84.62668919585532,1.5850241281239519,34.50775628287382,407.18968754763387,41,0,22,57,0
M_0586,10,89,98.63717869296701,1.7001057207036752,35.3007385260133,312.97911043815037,167,1,34,51,0
M_0587,22,60,77.97921065259803,3.8510692140206135,30.168626958810638,376.6285643120858,154,1,20,47,0
M_0588,21,52,77.8873239471996,4.500571368962668,39.415411265348666,383.50797116958256,130,1,21,51,1
M_0589,20,55,71.90117926356248,2.923903231388041,30.15983279635064,411.0236160386341,23,0,29,70,0
M_0590,20,58,57.0574276948994,1.782603881010734,36.46166607084083,350.18639518649,23,0,35,41,0
M_0591,10,55,60.49288082256524,2.29444590822175,27.839991978745303,356.0249763866024,144,0,44,48,0
M_0592,19,58,71.83246670601481,4.008001947245045,41.668782668527825,457.84568453482,9,2,34,54,0
M_0593,7,88,69.91544659970256,3.1164382406633937,37.85065707789856,399.3269272707174,13,0,43,79,0
M_0594,16,80,73.84827072230058,2.8989612231180772,29.360126822357422,443.23185919514805,156,3,34,88,0
M_0595,12,81,83.2932482392816,3.3130497099131464,37.172701043585015,372.9106299308269,155,3,33,34,0
M_0596,11,90,69.18162168082979,2.9623400564745594,36.91990245586009,397.27745187895624,51,1,41,88,0
M_0597,7,99,83.49716756404611,4.545712297659217,37.76520538146325,410.7267213514607,64,1,33,63,0
M_0598,11,61,69.2471029009723,2.250856735306399,17.590068321398473,487.37774538116315,52,2,25,68,0
M_0599,23,57,85.38239592865757,2.1360408831647866,33.596757246454175,389.11909099142594,38,2,33,88,0
M_0600,7,57,75.86367567073424,1.616546481931344,32.711493846528704,391.6865553139811,100,3,36,39,0
M_0601,23,99,70.64169659078487,2.4600123642743097,32.355366404717266,454.9076513868369,146,3,37,76,1
M_0602,20,77,75.6929406054889,1.9080245253338455,31.091732166989487,381.00942807574563,51,2,39,86,0
M_0603,7,69,72.06461157842433,3.2180755086527237,31.239056397572632,414.2314595836377,137,3,38,36,0
M_0604,11,96,76.13134237679972,3.0209473655251435,36.4157015264904,450.5479603209516,141,0,36,89,0
M_0605,6,56,82.58106198517471,1.9209244999320236,32.69736686846686,371.207906415053,168,1,35,66,0
M_0606,20,60,74.1278440158435,3.5891393590279725,31.084532218661813,417.0231223241828,55,0,27,76,0
M_0607,15,69,71.30431147146219,4.5168128671298735,35.69690507417809,487.27753550725066,109,1,26,81,0
M_0608,22,65,63.76483795089171,3.3578383486710237,32.09013089205935,446.06590244190767,171,1,39,89,0
M_0609,10,53,80.79178019291714,0.4565018170445265,32.5678421367669,414.2466534842406,44,2,31,81,0
M_0610,9,55,78.48272226402725,4.987130970670105,39.33518554405614,388.78393440836834,110,0,28,44,0
M_0611,15,71,63.18057149072479,3.7469234690710596,27.827596437251763,369.7840859362581,161,2,33,71,0
M_0612,22,75,83.3549427792076,4.956418253188451,22.421448307993785,350.59070383820966,152,1,39,53,1
M_0613,15,52,63.01815967397664,4.090723586149834,30.361817554953987,475.4811979982839,164,2,20,55,0
M_0614,22,90,85.29221791233894,4.290515418870559,31.072716724784822,465.7735522685,128,0,29,55,1
M_0615,10,91,81.87863327187017,3.2052668936010846,33.60764514728595,367.1442761229711,105,0,36,75,0
M_0616,7,63,79.19665522598069,2.737703987810167,30.536579573309805,416.8843499039069,10,0,36,55,0
M_0617,11,60,71.23004840832964,3.3734811877321604,33.77559621986279,405.56632492531554,100,1,36,87,0
M_0618,7,67,80.75779782666453,2.2912149197534606,42.523083401357844,459.22077306620366,148,1,23,39,0
M_0619,18,61,85.7637199524118,3.4338808509002323,34.00757159438505,419.1400599150675,109,2,36,46,0
M_0620,16,72,80.92351921108174,0.3732137426492894,34.88657650525734,398.8590619634826,108,1,37,82,0
M_0621,16,61,68.29749978273762,3.0429322452144127,29.35234296138783,372.915719885216,140,1,39,43,0
M_0622,21,62,77.67406982355465,4.344676120102132,23.07371455246349,417.0433922562913,146,3,42,31,1
M_0623,16,74,86.32034986295037,3.094308578928966,18.509442064351273,382.59087145186896,94,2,21,77,0
M_0624,20,94,96.99098180556703,4.727482738030988,27.40659708932141,411.03424725649205,63,1,27,42,1
M_0625,21,68,72.94787025500804,2.7362546121513946,17.098141720174404,396.2014460270843,84,1,32,56,0
M_0626,16,95,83.5788310613143,4.002650912987828,32.56774512509637,381.37540600649265,25,2,42,38,0
M_0627,21,85,86.34480520084318,2.1217299263266343,28.08591507787573,351.362961318409,12,0,44,36,0
M_0628,13,94,66.87595001010236,3.9619566195553784,23.433125667623784,425.7097626373651,149,2,41,77,0
M_0629,9,57,92.82078318061481,3.2325949082278163,30.654370599743128,402.1285170689516,25,1,39,39,0
M_0630,13,78,64.34815315916555,2.780249504157271,26.306839031790982,489.3710427733214,11,2,41,85,0
M_0631,9,81,83.08985515032975,0.42611788493558,32.25388126825384,348.38275808111956,64,2,34,83,0
M_0632,8,93,78.05319779547067,2.7456232241944503,33.53813164911252,431.26490961164956,126,1,39,38,0
M_0633,8,67,75.5557555999816,3.2134530192798105,26.49082918505779,395.86767659866797,50,2,42,51,0
M_0634,23,55,100.46833281448644,3.8287094352199174,28.81359409454837,504.9879199163279,89,0,28,52,0
M_0635,10,67,71.987447646732,4.560949799099068,31.074478769191103,427.44859585307336,99,2,22,36,0
M_0636,23,68,71.82654407271392,5.03503270136591,22.964788932287874,416.23442908175423,116,0,22,77,1
M_0637,15,71,88.31478807397795,4.246267343122984,31.07403761438508,395.994878251309,96,1,21,38,1
M_0638,11,86,82.61803778086784,2.4379096746958058,22.84490675960302,364.84394726671906,177,2,20,56,0
M_0639,6,81,87.82098920958555,2.695195910482261,32.828584897764344,415.5696396320465,14,4,33,53,0
M_0640,10,90,76.16869382341113,3.738915471043683,27.824181686859003,330.8848695431619,1,1,36,58,0
M_0641,14,52,78.16942617012162,3.5196144598478014,22.817286329778828,333.18579557075145,25,0,32,46,0
M_0642,17,77,94.00935612994574,4.628345959391361,27.10013200429588,450.6219218414748,72,0,38,49,0
M_0643,19,59,66.64045920419304,5.4793894187099115,27.311627094032787,311.89379304779675,69,2,42,36,0
M_0644,7,84,73.9712295590834,5.267180195098223,35.34260441693472,384.0213220854581,133,3,34,72,1
M_0645,22,78,82.98254071425444,4.493938199798345,30.86652349642897,347.54367543705206,105,1,44,69,1
M_0646,19,64,73.04139179912163,3.5279026489428973,25.218612712174338,379.87646538051683,147,0,33,36,0
M_0647,18,82,69.29854120716965,4.349325062945844,38.24533143600243,409.2272651169673,23,1,21,57,0
M_0648,14,56,81.18484512786522,4.661441013728396,33.13245200755279,449.22776454820865,9,0,26,48,0
M_0649,20,61,88.35805666491494,2.8526996027449814,28.31838815710169,460.8816794866361,118,2,36,49,1
M_0650,20,98,73.59165637194143,2.467339027491241,22.230829071524887,354.0523390420589,94,1,37,73,0
M_0651,16,79,73.3141037918925,2.232578999928325,27.87703210259903,376.7019031686618,178,1,25,68,0
M_0652,21,70,68.5231197431657,2.1236152665546966,28.897434576711646,602.6275061105978,144,2,40,69,0
M_0653,22,80,72.04023156594266,1.6180046774068093,31.84516165725128,387.4992657032319,33,1,27,36,0
M_0654,9,73,85.83606079830186,3.2499017091177276,33.036282548298274,355.8894602002048,130,3,21,35,1
M_0655,6,69,75.81062870693657,2.000247198911868,34.032910477053676,364.2099618629281,14,2,20,54,0
M_0656,13,86,66.95009339069712,2.216477815864618,21.942662845807263,387.79300418453346,1,1,35,70,0
M_0657,22,53,77.62362380323663,3.701255559176727,31.042524105816213,380.363131860577,90,3,26,88,0
M_0658,8,77,85.5119401098604,3.1816090662535097,29.20192087375894,388.28149384025653,89,0,41,42,0
M_0659,20,93,69.38114336452571,3.4296249406336745,43.38988638084939,398.9286723136718,144,2,43,68,0
M_0660,20,69,61.713947804044366,4.3651487618920815,30.323472195481855,398.5796068853418,90,2,30,69,0
M_0661,19,73,96.90825159872752,3.864529908540795,26.886734007693143,352.2256751364403,175,0,34,51,1
M_0662,19,99,61.21470649956753,4.518886581452663,30.551844283584575,418.46655105780656,172,0,32,78,1
M_0663,7,98,71.40977436144215,3.079976494778071,29.95715855994617,406.0523474940342,14,2,43,46,0
M_0664,18,81,77.3212851185867,4.6117905913123955,20.054803464244923,424.8290835274963,152,3,21,77,1
M_0665,19,90,72.27572298755709,3.35973676435746,32.04152231708919,314.27729731374217,111,2,33,51,0
M_0666,12,85,74.25089155344982,3.168706261095203,28.44720954660709,407.8422121845739,143,2,43,63,0
M_0667,8,83,80.76838167874594,4.4615262062765035,29.866543924197405,300.72018420489917,83,0,25,37,0
M_0668,20,85,51.08278342287207,2.127846320806705,25.63215733054721,391.22145527617096,72,1,28,78,0
M_0669,19,51,62.33105528476149,5.023600567542475,24.530428848938822,432.8968146376538,162,1,26,74,1
M_0670,16,64,75.4425938607033,2.717899979962714,34.394411670378226,452.2889575801183,130,0,37,47,0
M_0671,20,83,70.9578298802639,1.7818920284506783,35.542283282214115,416.7230032048502,27,1,43,53,0
M_0672,18,85,76.29411258275597,3.653501952055862,32.09049302718618,433.76953676464944,74,0,28,89,0
M_0673,23,55,77.27653282631304,2.6226784898817392,20.94601199720183,385.049751895877,99,2,42,83,0
M_0674,11,88,53.84080004529008,5.0258070919112505,32.41531679630662,374.5416115037519,72,2,23,89,0
M_0675,8,91,87.73640332151646,2.5670991812148527,21.02031724331657,534.6379081261863,23,2,28,71,0
M_0676,20,61,70.0173211689965,3.314448917351962,26.694121825858673,441.3580155932605,68,0,23,31,0
M_0677,10,52,66.34486815223994,1.574406684521897,34.327792243786206,341.35080742673034,142,2,31,31,0
M_0678,15,94,77.0835529595928,3.8129142448974713,33.287992408522456,313.2668039233505,117,1,23,56,0
M_0679,12,67,76.07160227782244,2.2226099241410955,32.28483682266735,376.7465275468212,106,0,44,43,0
M_0680,22,89,86.96690817654638,3.693324690332601,36.56451326959892,459.59342531543325,93,1,43,77,1
M_0681,12,70,77.71873162770017,2.5716547602941384,32.800075737039634,402.4369577014384,65,0,39,68,0
M_0682,17,64,86.581108480243,0.9530653132772002,19.904903874795586,288.7990088819357,68,4,33,82,0
M_0683,22,82,65.61822624572295,3.1311900903438836,28.152345768718202,391.1353288405046,128,3,43,82,1
M_0684,18,84,76.418610552075,3.0864285170784354,29.791957711344697,399.8799224875724,63,5,43,85,0
M_0685,9,75,63.85252292675111,3.8810715736226133,29.20629136615314,279.21663102672596,113,0,26,41,0
M_0686,15,57,75.9767585556028,4.5560005718392045,26.91432412448805,401.20830760250954,90,2,32,61,0
M_0687,8,85,73.85712044398115,4.9124094099167985,24.849219332682026,349.3315996204338,81,2,41,57,0
M_0688,14,97,73.42702574799097,3.864154213470886,42.003724847296596,308.22267946058423,103,0,27,84,0
M_0689,18,79,73.51472447638368,3.2786191920659182,28.056275873971092,480.22537900827007,160,2,42,57,0
M_0690,23,72,82.36389470184598,1.5726664104845347,41.75801026687226,347.1198899607536,116,2,24,75,0
M_0691,20,91,58.9264034299742,3.202020936990007,24.293547976219728,366.6357632271859,13,0,31,54,0
M_0692,9,93,66.00212137215827,3.2149401699389326,33.285300343795036,365.9708556966661,124,2,32,33,0
M_0693,20,63,74.59428173254824,2.801359740343972,31.148207081949348,400.11193754621513,147,0,39,55,0
M_0694,7,63,63.2133691052875,3.6329676506008086,25.390252364674694,488.3155303527937,152,3,33,65,0
M_0695,20,51,75.46114106201044,4.121905710982134,27.66221445089658,340.19065648820344,88,2,37,79,0
M_0696,13,86,74.49147478758925,2.181596069471316,29.92434965319515,384.65982427757024,11,1,43,32,0
M_0697,13,54,60.96243354947417,2.166015645800533,25.77941691416937,406.0430939513199,15,3,44,30,0
M_0698,22,87,60.468348537457224,2.860707988223371,28.71929702982287,356.56041264202474,10,2,39,46,0
M_0699,17,94,48.76211764450734,2.384770809292077,18.175487873046926,383.8556797710697,41,1,23,36,0
M_0700,15,90,62.79329950318087,1.358746797640137,33.5575799513437,429.72499033747783,155,1,40,77,0
M_0701,14,96,75.143232582106,2.0034072636770484,36.135758370613964,362.21475066467536,73,1,37,34,0
M_0702,10,63,76.56187822940878,1.7676788529625593,32.271818537493296,383.06787456349105,52,1,26,48,0
M_0703,11,88,77.01899559628451,4.208450508018153,41.3212906396889,378.4323036540357,128,3,34,68,1
M_0704,7,74,67.2208118733262,4.7028270060092785,33.41048113799947,394.80966594328316,28,2,40,75,0
M_0705,18,69,74.8169651597851,1.9045665427054133,35.7140481938878,412.1575857311621,65,2,25,63,0
M_0706,11,51,78.97244609241453,3.5460735131371113,36.19181416255056,429.32803840534393,17,2,35,64,0
M_0707,10,88,62.31964450498847,3.873516424469751,16.244933217071825,496.8777150981169,95,0,39,78,0
M_0708,6,55,76.2332907439054,1.5077312133401362,32.118365993747815,267.0761784072894,172,1,43,45,0
M_0709,11,66,81.56481211835091,3.1609789471789993,23.085325248416094,391.6304330397279,138,0,27,69,0
M_0710,11,74,70.09227870177119,5.533516165346526,24.095482742145972,331.7781963878904,63,2,40,79,0
M_0711,21,77,85.62234330349602,3.6771468663576306,24.965133640990427,380.7314999674548,175,2,35,76,1
M_0712,9,51,70.32565656175029,2.7546994586674693,28.436420999913118,444.04336653470386,38,3,41,68,0
M_0713,16,84,66.39939144876925,2.439813474781791,33.25229980368849,459.8896261071189,70,0,35,56,0
M_0714,14,86,80.56841178552921,0.9775384152791053,32.16994912503352,462.23572884092044,104,3,22,70,0
M_0715,8,54,95.33293769466457,3.470473656116732,29.93709308591201,461.76462574252116,53,1,36,67,0
M_0716,13,50,75.8535361888781,4.9478167872543155,33.6134172060298,391.3032464189786,172,0,28,79,0
M_0717,10,89,81.3490780411372,2.1864562456020793,33.917431607960516,469.9265137353582,119,1,44,79,0
M_0718,9,61,69.91282778902156,1.0644153204829387,32.213120946166725,479.84248973029213,74,1,22,54,0
M_0719,11,85,62.583837802039724,2.3357758186467756,21.37747606962607,406.94002272707553,54,0,39,55,0
M_0720,7,94,76.66265645900734,3.8815997459782086,26.30333605321638,458.86183007837815,20,1,26,85,0
M_0721,16,72,78.2439997178791,2.5714999951779145,30.131639169713242,402.06185092582894,79,4,37,43,0
M_0722,9,96,71.42088909618838,2.1795319070869117,33.667264415705425,470.51162577754394,31,1,31,43,0
M_0723,20,80,81.31056518021506,3.019154915057859,23.357101711380068,391.9168381318221,135,1,38,43,0
M_0724,11,60,68.4591999018568,3.229700747167855,29.9432740511236,369.52397591534077,58,2,35,54,0
M_0725,22,59,65.97913734148258,1.6116098592283055,22.17187771805274,344.0004284864192,105,1,41,65,0
M_0726,11,52,85.60642930486165,2.7827163030631765,35.12958992859639,391.31854833811747,10,0,43,33,0
M_0727,7,63,85.6534762654163,2.5027323860776614,31.21173639182362,404.2194097164151,10,1,36,76,0
M_0728,20,65,68.65656894164321,2.359095650751917,23.269319820220286,352.70736693120233,39,0,39,44,0
M_0729,16,59,92.18850490404822,1.9829633306085521,23.236357310978534,387.49457705021706,156,1,34,61,0
M_0730,13,78,72.12893307469751,3.941257854794798,31.9371593579213,373.6725345289617,158,1,20,47,0
M_0731,18,59,75.84782864643958,2.3556130712019723,36.873994572815825,346.15122268347454,37,2,21,43,0
M_0732,17,61,74.15347458151572,1.0050547141867148,24.516070812753263,451.79423307767917,119,1,27,87,0
M_0733,10,79,80.2376021744568,3.2642978219754335,33.93302054308039,460.5951801552892,67,1,41,30,0
M_0734,11,90,77.71421493800942,3.7251994726731845,27.288811409860852,451.57163391461546,43,2,44,71,0
M_0735,9,50,77.57962161581658,2.2039839347841226,34.11597051346443,395.792210468925,52,2,21,49,0
M_0736,6,54,64.80438368280113,2.4403373102160337,33.415954551826566,398.88085973040637,101,2,38,39,0
M_0737,22,69,58.114376832103154,2.3509462795716276,30.776499207412197,346.8413322130325,56,2,28,39,0
M_0738,17,57,86.42160028252862,2.6533466385698894,20.828043468597087,420.73164476206694,76,0,28,88,0
M_0739,20,92,69.54554001060256,4.106850182189822,33.40592825062057,408.48158530928106,68,2,32,53,0
M_0740,6,61,74.50966626566522,2.8859408276276435,32.51009635498433,542.197369826284,137,1,25,63,0
M_0741,19,50,78.26798909889781,3.8395935456672055,32.05214876597251,454.35511810078714,106,2,34,57,0
M_0742,11,69,91.29009603349269,2.031168368453247,30.97837031615489,415.76224632854274,125,3,38,56,1
M_0743,10,77,76.61357924642508,2.6163095804190157,25.60606555833946,397.9195344503338,92,1,40,69,0
M_0744,16,92,71.05202437075903,3.954013815847307,35.41481385509556,450.0653268538613,23,2,34,30,0
M_0745,9,86,69.76455618713143,2.1943946015737406,34.49069860408318,354.2130664809739,109,0,37,62,0
M_0746,18,96,74.62643158758061,4.012136460908531,24.622886115776673,456.98189060070155,61,0,26,33,0
M_0747,16,86,65.90635230359388,2.371615909004862,36.57147505258876,345.64282498813503,168,4,30,36,0
M_0748,8,61,75.2887572314901,2.6783374849415806,30.65834717317694,371.92380713926343,44,1,27,38,0
M_0749,6,86,74.47980311541986,4.6701625873489245,30.64568476572586,308.09102502977703,152,1,25,45,0
M_0750,11,98,91.41526948644152,2.5641810228337687,29.118223317906587,430.7038111524546,179,0,27,34,0
M_0751,23,98,74.16398861409078,3.1453458027506347,29.61003301707472,412.49645131315947,161,3,21,63,1
M_0752,15,93,55.7551183895115,3.616436422521736,36.85449594154885,371.92584876169883,16,2,38,89,0
M_0753,10,77,101.73510970396478,3.2265086496720112,35.16537492299258,353.54306045120904,22,2,35,52,0
M_0754,15,96,84.56833731156097,3.2550533488895765,35.059235418197076,468.9361113350034,57,1,26,72,0
M_0755,17,64,95.82348744095584,2.9434602560182657,30.92282176272689,393.3198031198415,62,2,29,79,0
M_0756,7,55,63.42680013015516,1.6977607909836772,34.44585861767198,361.6352312739712,107,0,31,54,0
M_0757,18,93,72.78173218743709,3.3482893300997585,25.82843462979714,496.09664818090124,71,2,36,86,0
M_0758,13,69,81.7440124149432,2.267531542988346,32.917214892490335,367.14685404291436,90,2,26,80,0
M_0759,7,99,80.36391372284459,3.7757672174031764,29.23255984015516,456.9308535726893,72,2,41,42,0
M_0760,6,63,78.06937707359552,4.3720614239496856,19.70097506295839,342.4504717994713,70,2,27,53,0
M_0761,10,51,53.00389281499446,1.1944427385829846,22.069491705890183,382.25268848965135,30,2,26,40,0
M_0762,14,58,57.87560542435686,4.373807827427104,26.6851060995539,425.11456126911935,103,2,23,81,0
M_0763,22,86,90.17520109063872,2.5889422081329565,32.07576992174355,397.10815251979875,151,0,22,80,1
M_0764,14,69,91.9532953286969,2.869050777815527,26.689601058330155,412.1881510756526,32,1,38,46,0
M_0765,16,75,73.93348708563605,2.0876125474876104,27.044416313076457,373.05825769879976,86,1,34,66,0
M_0766,20,78,88.90427474406383,3.188467729066277,33.81630460937421,320.11019240502026,57,3,23,42,1
M_0767,11,50,64.76772233856701,3.0668148831774054,27.224939402751566,473.2788192182355,109,1,44,56,0
M_0768,8,84,67.0557394653132,4.076922825292851,36.65403621017205,376.10858113129655,9,5,28,49,0
M_0769,22,55,63.977196781368505,2.258606723369743,35.82561869910067,414.4506227766169,31,3,32,62,0
M_0770,10,86,66.50080454311353,4.660802401937909,30.10940660285659,435.0978745816163,71,3,37,71,0
M_0771,17,54,82.22696009522619,3.6647140863088894,33.767307258291645,415.4379102155697,137,2,40,61,0
M_0772,23,82,66.37647626936555,3.090968976775409,33.08620227178191,364.57043665308925,13,1,35,37,0
M_0773,19,98,97.39743039927865,2.819215636104509,28.771673620202982,457.9882480975886,131,3,20,85,1
M_0774,16,63,79.60070606347438,2.6934305528661495,34.30817331486073,425.68395875124344,35,2,23,58,0
M_0775,14,61,85.84527046495089,2.758656225593495,35.044510276952636,409.93868251726144,21,0,37,69,0
M_0776,7,91,79.89940582800074,3.1684019569354733,25.237823846048,408.77924017929445,64,3,27,48,0
M_0777,17,69,87.14269650459279,2.791000039306268,30.767743191603707,484.11311721285284,95,1,39,35,0
M_0778,8,99,66.32000000461453,2.3594705434925127,30.712519112880827,363.49688903734256,34,1,35,73,0
M_0779,8,73,89.46933538199556,3.1744592948367023,34.248097337253526,420.76279141838734,121,2,40,89,0
M_0780,6,92,76.40938885591437,2.1637118812746126,27.780708247753317,373.56852541999115,163,1,30,68,0
M_0781,13,83,87.09266110968738,3.322466901001747,27.011198336117857,303.1847096829998,15,0,39,77,0
M_0782,13,74,60.60435946623816,2.7769329645192586,30.84499830155577,301.86327375685596,120,3,40,70,0
M_0783,16,99,76.80583206608362,3.696730909231844,35.90679611626786,349.2681812511643,96,3,40,50,0
M_0784,14,78,76.45238716781665,3.9890742106954766,24.003114422950333,367.0778416993852,6,3,40,86,0
M_0785,10,88,68.80763535020559,3.9886805603447386,24.87596923331436,508.6474874680432,109,1,38,51,0
M_0786,19,80,78.13118829747265,3.318105056052626,27.397475460147056,434.91942171530445,97,2,42,71,0
M_0787,8,96,90.39606848001515,3.434831220766845,28.28711463959224,439.417151042971,32,0,38,39,0
M_0788,10,92,68.03847641036879,2.677248973881565,21.172085987812427,368.1460746874822,83,1,37,39,0
M_0789,10,99,84.61854356204938,3.6776396884833478,37.49097643457574,403.0663584759724,156,1,38,81,0
M_0790,19,72,63.72576943853492,3.7905013606617235,29.34846704325444,515.3076492373108,118,1,30,58,0
M_0791,9,93,96.0944459464246,1.432670846475472,28.599477379100144,339.27911631112175,79,1,22,45,0
M_0792,18,87,82.84600318436708,3.3783471956072635,38.113187690177085,422.8119398683657,78,0,27,30,0
M_0793,15,69,92.25117332258571,4.368129807708867,33.588967475619064,480.56478834551314,147,4,39,46,1
M_0794,23,72,81.72060519093768,2.6437097053952154,27.322890613333257,448.297154273612,107,3,38,59,1
M_0795,13,94,78.90613177729361,2.4254530238661207,30.82303922654078,490.07698069626167,126,3,29,55,0
M_0796,13,65,82.92932940485917,2.5801365389136808,29.791314338117605,410.6432628263564,15,5,35,82,0
M_0797,12,99,73.63552536645828,1.4951240071708733,37.24175428464638,430.1726512593549,134,3,24,75,0
M_0798,13,91,58.82166094441678,3.1259839544489108,29.162878991582033,405.48871933951864,73,3,39,48,0
M_0799,19,57,79.47399346466793,3.0299654400972513,22.789702290708952,426.66727795697904,101,2,28,82,0
M_0800,11,99,67.44496665400246,3.197026832877301,20.613879465973522,354.23967938482883,98,1,27,50,0
M_0801,6,70,63.983380846205975,3.415976621217802,37.37580673703344,439.6174204471841,166,1,30,46,0
M_0802,20,50,81.3629316843861,2.2020065978185235,26.056926511186848,414.7124156383528,26,2,35,75,0
M_0803,6,57,72.20891525100306,3.2731991990220437,33.35105827816655,403.13296831272737,92,0,26,69,0
M_0804,22,78,85.2770440660569,3.44319865991573,30.35881715357526,487.31958189079273,125,2,34,50,1
M_0805,6,81,67.1105923124093,2.5116082691829678,27.916726060608713,386.7307300447613,179,4,43,82,0
M_0806,20,87,70.29171023486174,3.420117998251973,28.700762914984374,460.39110173102165,73,2,40,70,0
M_0807,7,54,86.50296026301393,3.0807066263867413,37.916889407647666,465.3639298549878,123,3,39,69,1
M_0808,19,96,77.79842660997609,2.36881023055662,22.759682856784377,442.77721922927316,53,0,42,74,0
M_0809,13,71,60.2267195909386,3.2827886964836765,28.06772384622037,351.74501646317105,78,0,36,78,0
M_0810,13,96,77.57760882860111,2.7092892566467803,34.532828803418504,417.9539148671578,92,2,25,48,0
M_0811,12,83,89.81238548588803,3.697065274014387,23.58427495776872,497.923715056575,88,3,34,89,0
M_0812,11,50,70.21422555378533,2.7608336199309624,36.58641403888792,309.0723232656648,13,2,27,36,0
M_0813,11,75,80.98057696452909,1.71023441823494,34.46124857876813,390.61707528518997,43,0,26,46,0
M_0814,8,92,66.50613084844095,3.2669869855276508,31.358978425661686,458.11542598341,76,1,21,30,0
M_0815,12,59,73.63216725030571,3.2294032478314345,27.484215478628663,394.2339700106181,51,1,32,66,0
M_0816,13,79,85.89835536450434,1.9188628872023386,22.942169224080214,440.4943908486936,19,2,42,86,0
M_0817,15,99,77.19231667754974,3.7505361154353056,33.53522947067035,470.45955142995615,149,1,25,35,0
M_0818,20,67,87.89269862715636,3.698220836135479,43.74322467241944,411.60031415744015,122,1,24,55,1
M_0819,20,66,79.25302404227861,2.1300198075250916,30.72946267958429,425.44952604277705,24,2,39,31,0
M_0820,6,75,97.18739677200841,2.3403736989400885,20.869772946340497,404.59354667901005,26,2,20,88,0
M_0821,12,57,59.35086630780731,2.8579923869704733,32.287582450633735,414.8902940985158,173,1,37,61,0
M_0822,9,96,72.82806649939035,2.2411478689623623,34.30131485700598,505.13012174481355,156,0,34,86,0
M_0823,11,89,64.15466206707949,3.6403971849116776,25.410737840520312,396.80257536596764,120,1,42,77,0
M_0824,6,98,64.8375082554175,3.1489719493272097,26.77244036955302,382.342298102721,82,2,29,83,0
M_0825,10,61,64.9281630619396,1.9064428541117642,26.26310885626854,452.08771145098814,100,2,22,34,0
M_0826,6,76,76.6772582205122,2.17752908715071,27.343180665681555,357.85388338791034,157,1,24,66,0
M_0827,9,57,77.26300934821867,4.187719177166401,29.13918442860977,369.26392713673795,17,0,43,60,0
M_0828,7,74,79.27455924995117,4.535562377915415,25.695494457532487,369.58273530236886,68,3,32,41,0
M_0829,15,95,63.76939439855448,3.5387289760525085,23.820811293238876,387.206273877098,44,4,27,64,0
M_0830,10,53,71.7577518100171,2.788724744849686,30.871876928375087,389.3900267564971,61,0,41,59,0
M_0831,15,82,65.35705360243632,2.5600370875934235,29.086689800681498,434.95497948327534,123,2,40,77,0
M_0832,6,50,84.35881556271715,3.549699418311005,27.818791149415915,382.88191823706615,93,6,21,35,0
M_0833,11,68,66.29732449819026,3.075920534259487,30.415948583607573,436.97317346175936,74,1,28,44,0
M_0834,18,80,72.86287848004119,1.3899285525856233,22.39912147220778,443.20903524208916,153,3,36,44,0
M_0835,20,65,80.60306441323105,4.0318679825348305,31.3160146149838,367.32444003334797,67,1,37,45,0
M_0836,9,63,68.84371325502435,4.345803267362869,27.921558998552186,442.13530093492255,111,0,32,49,0
M_0837,18,97,81.93878444980653,3.737252532943198,31.197447340563897,446.67092414791443,2,1,20,42,0
M_0838,20,54,90.9607973553315,1.908388805371792,31.998245527094838,311.95317816845704,89,2,31,73,0
M_0839,13,90,76.89711728725526,2.3631735502766604,35.655756391430884,414.6740476436983,177,1,39,71,0
M_0840,10,75,84.01610914568407,1.1422801386422887,30.514772084944557,374.6795945849543,26,2,39,75,0
M_0841,20,77,54.26579111063617,4.596048491395556,35.33359415027163,465.1532490166221,99,1,40,60,1
M_0842,9,51,70.7094807315215,2.643261436740972,28.390434294349546,374.16969073632185,27,3,24,63,0
M_0843,17,99,76.84900816928977,5.333289321649783,28.629112433177884,333.0258422344665,89,2,27,58,0
M_0844,18,55,64.47034921599693,4.955230030907778,29.545359135881625,398.5091591665586,146,2,34,32,0
M_0845,7,58,77.07649335404092,2.0965735836310566,33.87062450339106,355.1513847950441,1,3,22,38,0
M_0846,9,82,85.5994055605915,2.2917322605969868,33.15479538511457,442.47926322689443,103,0,25,40,0
M_0847,9,90,56.204393719899784,3.4661903423471196,30.67535939930897,359.56937505591065,131,2,32,40,0
M_0848,16,74,63.109271341961524,1.2454578961337297,23.861323291977392,399.12467754058616,41,2,31,54,0
M_0849,10,97,76.84813270764185,2.561740882621438,33.06529587883163,477.2905213582082,165,2,38,51,0
M_0850,16,62,79.60419729440048,2.4618409987932717,25.692976826085143,454.9264311107068,51,5,37,71,0
M_0851,15,58,82.38080374909651,4.851165941946708,25.4205130310014,423.8919601644475,15,2,43,87,0
M_0852,13,62,76.10889478887768,3.1610178855044557,24.307574550311585,393.6211143723863,8,0,20,75,0
M_0853,11,80,79.61512405015809,2.7152330224628036,29.584156445989823,419.14482281055444,38,2,44,38,0
M_0854,11,90,84.03480708540681,2.3685152673146987,36.05862149235344,434.4491976362527,114,4,26,49,0
M_0855,13,60,70.85541898229674,3.894049597324794,25.173197278098932,350.6698818392256,83,0,31,88,0
M_0856,20,53,68.91413913993578,2.5032891760695914,38.39287976587044,442.566862196192,56,1,29,50,0
M_0857,19,83,73.31493369065132,2.9497170256375,34.54905111226786,344.915297372146,175,3,31,39,1
M_0858,16,87,76.99487942277413,2.3608764775280355,22.67698968374688,428.6225967506138,103,1,30,51,0
M_0859,17,95,68.41726556798682,1.4824628679846057,28.086124089108395,344.65547977251794,138,0,23,58,0
M_0860,18,53,71.06242683526789,2.0039648722973364,24.798748665045974,498.13981216853074,102,1,38,38,0
M_0861,13,87,78.97701770507295,2.4980282926353063,33.32477728867858,438.1670812468519,78,1,25,34,0
M_0862,23,68,76.57750781029715,2.7367451697363707,25.059183261647952,322.1987360607023,177,2,44,69,0
M_0863,6,55,73.14662877184242,2.780576074076493,21.8944026147191,399.95366868849237,169,0,28,40,0
M_0864,20,83,57.58930689937351,2.9110802994812377,28.37137111631456,373.9288977957682,83,1,39,30,0
M_0865,13,67,74.9649200799146,2.5113123698489908,35.846970368481294,368.0136535109318,30,1,29,82,0
M_0866,16,62,65.29996032490958,4.349126348168406,29.037418880787232,407.3551763234209,5,2,24,71,0
M_0867,17,90,84.830827052059,3.947984119856982,31.99221931678341,353.60031251657506,119,4,32,30,0
M_0868,17,72,71.91278846721492,2.8648907328091617,32.186155487735206,438.07328824922183,31,2,28,87,0
M_0869,9,68,65.0376794377748,3.2542582797409962,22.438622036294625,435.2327043499671,23,0,21,83,0
M_0870,21,94,74.3845672611995,2.627911758547045,25.50312936422673,417.57123874709924,48,2,37,68,0
M_0871,9,60,87.70699585092191,0.15651470794822453,30.032320935987986,399.02477357295675,109,1,40,89,0
M_0872,10,50,81.30815849144619,3.020493012926025,27.21322508172306,432.9909142972491,40,1,20,75,0
M_0873,10,73,77.19917150605934,3.305614361251216,38.52227275197079,439.5692753038992,6,0,43,34,0
M_0874,13,56,61.73904940953143,1.3873382419597726,23.85838802459555,422.7458868370841,38,1,40,78,0
M_0875,15,74,91.21600099766322,3.4994110691946028,25.45369948383575,334.40629884098814,169,1,31,51,0
M_0876,22,70,68.78372825964097,2.719423322055191,31.45272129739873,360.5806943065497,100,1,29,55,0
M_0877,14,64,84.33783912872343,3.337933720634662,26.860533311083554,386.59695392539436,27,2,21,82,0
M_0878,19,50,71.74637121648585,2.7496013526299143,15.540837005248967,326.21045510751514,69,1,28,35,0
M_0879,13,61,83.37507872483239,4.250954474226849,39.67340614706909,411.2001566665765,57,1,21,61,0
M_0880,14,56,88.06874095875274,3.2262288205840868,24.628473068867564,470.55026036618085,17,3,42,77,0
M_0881,16,64,81.48137269907534,4.002416458672007,32.80446361340903,462.5845183379796,71,2,43,40,0
M_0882,6,70,82.5585495975994,4.0847261421749455,23.733044143879226,436.98130720024375,47,1,41,39,0
M_0883,19,68,74.01561013844368,1.8804442739115894,25.68482546458505,436.3855966935777,79,4,33,76,0
M_0884,10,78,70.6603385792719,2.260983129978852,21.88533498659381,510.76477654816904,110,1,30,68,0
M_0885,19,74,76.3829868978581,3.451610682726256,26.2940329986846,442.1931916089181,13,1,42,84,0
M_0886,9,82,71.60085494230783,2.6344627162418277,26.778590912757252,446.28178433941736,139,1,30,63,0
M_0887,6,98,99.67203710812493,2.761393230743704,29.337171613275515,328.05426528319225,124,0,36,60,0
M_0888,13,81,65.07641713509486,4.286564822170609,28.137155788117752,466.6409397178134,109,1,23,41,0
M_0889,20,98,85.02085216590409,2.6896336218079298,22.79240086518086,419.9248675152781,90,0,32,80,0
M_0890,20,84,80.17196834539014,2.031070651751418,27.380500858280367,396.0107827283661,86,1,26,73,0
M_0891,14,93,77.29872208123938,2.166199998364405,37.235053333874035,383.6180937965881,92,1,35,45,0
M_0892,14,87,89.7988609991384,5.182356501192701,36.64195272705906,372.57022816653773,24,3,20,67,1
M_0893,15,75,77.98377452601179,2.821780519614763,32.27843514457345,462.8388439180448,73,2,32,32,0
M_0894,14,60,68.65093080257584,1.6357522447820896,33.31549623370086,398.5820535371313,4,0,20,31,0
M_0895,8,84,77.91730377253408,1.2305414046834056,40.30411400567673,374.4160720564876,113,1,30,81,0
M_0896,16,57,73.16821731094771,2.3753633573258863,32.85623829794249,361.42265976349427,46,2,25,34,0
M_0897,11,95,80.03284668816649,2.8034778805726166,33.22094930268776,408.52993972314283,18,2,39,40,0
M_0898,7,63,83.13073631629499,3.9491737064276724,22.17708486943229,382.0195147891109,43,6,22,87,0
M_0899,12,59,66.4091205763593,3.852345166461767,24.436847193809307,370.61222237501727,161,1,31,54,0
M_0900,23,51,86.95336118002815,2.993653578927165,29.836548414993985,330.8922015362265,93,2,24,64,1
M_0901,7,95,72.45100155131541,2.545831413840411,25.962788874628764,447.96786797522486,103,4,28,64,0
M_0902,22,58,79.43613922682178,3.33960185342169,25.010223564884143,393.0988362275117,124,0,31,51,0
M_0903,16,52,81.17030170320696,1.251253923863612,25.587704758838758,345.73806714879896,10,0,29,66,0
M_0904,17,70,78.67388690630631,4.981080893929217,22.882146789094364,386.4381929333558,73,1,38,51,0
M_0905,12,75,73.9089148234743,3.654105595856611,26.04307756958974,427.45660279828087,31,3,24,84,0
M_0906,11,57,70.11402418007336,3.8669902197282724,31.697177774054495,401.4420435801656,156,0,24,40,0
M_0907,6,97,72.31005492696659,1.9258466181233893,38.981619632423424,409.54968738853046,60,0,28,61,0
M_0908,22,51,90.65171932528877,4.282648641296596,33.98491091356809,402.1274128995155,131,1,39,64,1
M_0909,16,55,66.3413356287094,2.539982838973705,33.18077742519718,336.15721117794595,118,0,36,60,0
M_0910,23,77,67.80756662037034,2.047441877181437,21.88233307800797,447.42542716317655,14,1,29,74,0
M_0911,22,78,67.36851176856285,2.9608276293937803,30.596483525110084,314.5876919809034,143,2,40,82,0
M_0912,12,75,76.35753879917665,2.937444914011626,29.6652004835143,423.0768287305721,2,2,20,37,0
M_0913,22,74,59.75294550012194,1.9214629274880033,31.453705484755893,430.77854607477224,24,2,41,49,0
M_0914,14,61,61.46440143865607,2.105062646458635,28.196562652612705,389.0078148110409,64,2,35,71,0
M_0915,22,54,72.39045167040742,2.02676822467195,38.31038370507334,417.67112619027785,100,0,34,63,0
M_0916,13,83,62.12224554701763,2.0362849321431753,30.263877581489112,386.143226537989,114,1,42,33,0
M_0917,22,97,62.93728690717198,2.6119020929003995,30.751116774684363,418.27476015455574,24,0,36,47,0
M_0918,12,86,62.197315906370605,1.611014863827542,20.187798875765747,449.64612717594525,155,2,39,80,0
M_0919,6,64,66.53388290866671,2.3086255025860645,29.466621590278393,360.39367868073316,165,2,44,33,0
M_0920,18,93,82.31246506670406,4.045134548384269,35.74629675015317,433.69824294761514,91,2,32,49,0
M_0921,22,85,84.55707956121083,3.8233094521041835,32.777878040705176,484.61990011940554,167,1,20,87,0
M_0922,18,64,94.19000893218606,1.9501207591072454,19.22204530128446,413.22826312671805,26,3,44,38,0
M_0923,21,92,93.82361858513478,3.9582049172942337,27.75162463426888,374.8447887789294,65,2,27,45,0
M_0924,13,97,82.86312709880447,1.033560730863951,38.659497336815015,513.1616419542768,120,2,24,55,0
M_0925,23,72,85.27677674801032,5.429144322012153,29.246796398592377,404.43531195223784,4,3,25,67,1
M_0926,6,55,76.31102090685918,4.300313192135592,31.612079913555636,411.5764951901439,157,2,42,54,0
M_0927,19,95,80.19864852012269,2.4402680878598932,38.095046436436505,412.61871047668035,1,0,39,33,0
M_0928,20,99,94.43603048183171,3.38242656173511,29.22692929226547,422.39316637996404,50,1,33,70,0
M_0929,23,93,78.7121286805683,1.599080671890871,33.95514929978952,383.0562527275507,110,1,41,88,0
M_0930,7,92,86.53238578545239,3.0604427899258133,32.056979385791806,409.49954303520855,139,1,42,74,0
M_0931,22,94,65.65648391421489,2.8163369674975334,33.12574431755196,447.60918717183847,74,0,30,70,0
M_0932,23,70,68.33761275741773,2.1652366106076046,31.896078284167352,381.3299489382622,62,0,25,67,0
M_0933,11,72,78.12069597794968,2.5314425136741407,27.26185060742607,379.00030114366524,81,0,30,82,0
M_0934,9,92,76.49931670063391,2.433012524190573,27.76101224288665,385.3957762265674,164,2,32,48,0
M_0935,6,65,68.80065812595103,1.8682632806823647,25.727119098158376,345.1113591007909,56,5,31,43,0
M_0936,13,96,99.07377583931219,2.1418527541033368,21.801454405648556,365.8580269074216,111,2,41,50,0
M_0937,12,64,76.72594103914867,1.5581555740002875,36.222649553383214,363.82100381799523,21,1,21,44,0
M_0938,8,74,70.57274947815338,3.8573307655606177,30.050414834406048,399.9738738165986,141,2,40,32,0
M_0939,15,85,76.5161882736063,2.067887253543731,35.97080091262229,441.80728278528835,9,1,22,66,0
M_0940,15,60,75.25426702611635,1.7779791284298458,37.82686337292325,472.6857048439736,139,3,42,82,0
M_0941,19,64,76.87802547891089,3.841504679815997,30.26708740454772,402.8594308595932,70,0,23,79,0
M_0942,7,53,59.06282984648967,3.36962035433933,23.432554341546876,422.8234875714354,129,0,36,75,0
M_0943,6,70,87.91946696566866,3.8045010559489594,29.01905927073767,412.1696902953848,118,0,41,45,0
M_0944,23,62,88.48829420439151,3.9160832241966546,26.644281966184394,295.32805223966704,56,1,25,43,0
M_0945,12,71,89.70320772036486,4.937454896938424,20.099247704725062,342.60545440698627,31,2,26,38,0
M_0946,13,68,78.25431758536298,2.8439602333068157,27.491355475355608,438.06321455823695,37,0,34,76,0
M_0947,6,83,81.62481060164515,1.5423923210044925,29.642313939677436,442.924258595979,175,1,30,36,0
M_0948,8,63,66.3377305199275,3.2710378007621252,26.783378021176727,441.7804012559985,91,0,43,43,0
M_0949,13,53,83.3289932859739,2.330995377120183,26.142274565242566,391.10940077683057,114,0,22,35,0
M_0950,20,97,77.51787706893938,2.0424947166844594,23.612320889335226,300.2582769699513,128,2,25,50,0
M_0951,10,95,70.39593384360758,3.0999251722172407,30.97961074177139,348.5737507160414,175,1,21,44,0
M_0952,8,76,83.6474469164084,3.8657527330095895,39.346346416081204,356.2246077176419,122,2,33,81,0
M_0953,6,78,84.03449036091101,2.1640051584037168,36.39311944025574,431.4384289545356,69,2,28,37,0
M_0954,20,96,75.60608835674932,4.274388087331719,33.268134439934826,382.1314451791702,36,1,37,63,0
M_0955,13,77,79.38382580128403,2.010386040997184,33.37704559465521,484.5200254065209,32,1,38,69,0
M_0956,7,84,64.6828298806644,2.7560967786745367,29.336784278704375,473.3819168930379,64,1,31,30,0
M_0957,8,57,87.43183437214358,3.386307881780868,20.977434103564796,483.6849223110431,170,1,32,61,0
M_0958,19,65,66.01186811965098,2.612100791315942,28.152841552696504,354.1743503178389,48,0,31,87,0
M_0959,19,91,67.94574351920824,1.2239976610614631,25.153611563339247,424.54456060707855,81,3,31,78,0
M_0960,16,85,75.62315645430537,3.927407491788805,30.77348374672662,376.1237955531065,158,0,37,80,0
M_0961,21,79,86.14516284218459,2.376535659643973,36.166073519693775,416.39359091166455,149,2,28,34,1
M_0962,9,67,86.13948633215661,3.744898449393693,39.8670479512423,359.719312862802,60,1,36,59,0
M_0963,10,51,74.95175378094869,1.735855864972338,30.32310515590266,461.30781837757274,141,5,40,51,0
M_0964,19,98,82.73013362253812,1.9065634179035882,21.66421831411322,360.65342248980573,1,1,35,49,0
M_0965,21,62,58.10941550671104,3.862433409555357,30.313380250809892,302.63804876644514,65,2,36,45,0
M_0966,23,53,67.80680009870447,3.3405080927420236,30.44928081456691,501.6890407871581,33,1,40,36,0
M_0967,12,75,68.01049560536399,2.5614142893153233,33.39421935263099,422.1248339783965,38,1,43,36,0
M_0968,15,74,87.52212909759818,3.3550315981708376,29.904022247995847,346.5436617790936,25,1,27,79,0
M_0969,12,79,81.54654162908008,2.045960864455642,30.3325913698034,391.88644424654314,154,1,30,79,0
M_0970,6,60,76.84652775904601,3.1102591174889094,26.839696210564707,371.1571452641558,59,1,43,31,0
M_0971,21,56,77.81735063829375,3.1285539233900654,28.440490084455607,400.287072340222,161,0,21,76,0
M_0972,9,80,90.68339276030125,2.626218394808971,32.56616213407592,440.13904179574104,101,1,27,43,0
M_0973,23,93,73.29820333493448,2.1647142944092415,19.957581419282498,432.28895464518155,127,1,31,60,0
M_0974,7,59,61.859326914659604,3.0702485782147937,28.413557171680875,412.6864510254257,41,2,40,79,0
M_0975,6,88,85.87195184395304,2.945018856699102,33.439499839979554,400.26265566547545,158,0,20,70,0
M_0976,20,62,76.8183903720506,2.5341779210803907,38.20364470502767,453.9335378764005,57,2,42,43,0
M_0977,10,80,84.53671678165782,1.9661855298192499,28.008317779348815,303.7270890831553,177,2,32,34,0
M_0978,16,56,74.55235192613492,3.0124770493354673,35.926848904118934,362.5533653369781,48,1,41,40,0
M_0979,15,98,66.61310476296107,2.536677635163394,38.450119227089715,351.0668583371916,72,1,40,69,0
M_0980,7,91,79.02821721082977,1.9653423795630667,28.07308799468661,450.3128886501446,177,3,36,34,0
M_0981,8,91,75.10175070741431,3.0435298107581112,27.2089573358409,363.04536921607644,175,3,33,58,0
M_0982,17,85,76.8494228287441,4.608305472055386,29.08962764954037,335.7022303854776,56,1,33,40,0
M_0983,10,69,91.16570494117417,2.6331723340929223,29.590241074684524,427.46637730584666,65,2,35,34,0
M_0984,10,53,64.012975226153,4.497776541242023,35.4541133392776,354.5626209545137,12,0,36,78,0
M_0985,11,56,77.85918660475983,5.1143317147300955,26.13137410245202,382.4636758745821,69,3,25,83,0
M_0986,14,50,66.81003309841323,2.046581097622325,37.69032718052735,519.0571950440849,134,1,26,61,0
M_0987,7,93,49.09454026879942,3.0090442081989646,25.996212236368912,439.3569277001737,89,2,20,65,0
M_0988,17,94,74.51034810977777,5.10373191781631,23.677875401912182,389.44796962926625,25,0,44,44,0
M_0989,8,91,75.31022936999807,2.878920038590956,32.6188860577934,393.94359370279085,1,1,34,48,0
M_0990,17,96,81.23522102950758,3.0368121457654,36.15280214434603,445.3743793110736,160,1,39,51,0
M_0991,22,62,72.82459251416056,1.3299945256251082,30.893277405064563,433.14352150523155,131,2,40,63,0
M_0992,15,71,60.109996448760285,2.468338099680332,32.17542198983137,403.7799744725469,49,1,37,85,0
M_0993,19,70,66.77568422745136,3.555588684668937,39.77148619012656,405.1779971119712,147,1,32,46,0
M_0994,22,71,88.16958836686703,5.42928264295125,36.223263907676504,326.0075759781014,60,3,43,41,1
M_0995,23,77,66.63372070709369,2.8039931665283095,30.154627088912495,315.49947249655315,157,2,21,54,0
M_0996,22,58,90.83225529692507,1.3373736777486451,27.844265584090312,391.1588862113248,178,1,38,85,1
M_0997,19,75,85.49984292571384,1.594750809226691,35.47529433240693,368.3357407326928,2,3,34,46,1
M_0998,14,58,71.82219395663931,2.9642103140617033,34.146419567129435,429.3039517170182,73,2,31,39,0
M_0999,13,64,67.70920836897301,4.177206798052249,32.09288341330041,409.8589871902813,145,0,34,57,0
M_1000,7,59,85.47912969130579,3.6373536828753954,28.36493157003256,361.36128032528103,110,0,44,86,0
