Name,Author,Ups,Comments,Link
t3_1r5b9t5,Goldziher,46,23,https://www.reddit.com/r/Python/comments/1r5b9t5/benchmarks_kreuzberg_apache_tika_docling/
t3_1r5h42t,stealthanthrax,24,4,https://www.reddit.com/r/Python/comments/1r5h42t/robynweb_framework_introduces_appwebsocket/
t3_1r5txny,Gullible_Ostrich_370,16,1,https://www.reddit.com/r/Python/comments/1r5txny/pyxel_for_game_development/
t3_1r59242,chinmay06,9,5,https://www.reddit.com/r/Python/comments/1r59242/gopdfsuit_a_jsonbased_pdf_engine_with_draganddrop/
t3_1r5u8lf,AutoModerator,3,0,https://www.reddit.com/r/Python/comments/1r5u8lf/monday_daily_thread_project_ideas/
t3_1r5lkyh,Balance-,4,13,https://www.reddit.com/r/Python/comments/1r5lkyh/mesa_350_agentbased_modeling_now_with/
t3_1r5lgmn,AffectWizard0909,2,1,https://www.reddit.com/r/Python/comments/1r5lgmn/defusedxml_or_lxml_for_parsing_xml_files/
t3_1r58dsj,Motor-Sentence582,1,3,https://www.reddit.com/r/Python/comments/1r58dsj/hra_exemption_calculator_for_indian_students/
t3_1r61rp5,TheServer-lab,1,2,https://www.reddit.com/r/Python/comments/1r61rp5/doscript_an_automation_language_with_englishlike/
t3_1r5lqgl,zayatsdev,1,3,https://www.reddit.com/r/Python/comments/1r5lqgl/diwire_dependency_injection_that_autowires_from/
t3_1r5b4fy,xerohawkxd,1,0,https://www.reddit.com/r/Python/comments/1r5b4fy/my_siamese_nn_that_attempts_to_solve_graph/
t3_1r5y9uc,TotalAsparagus6046,0,6,https://www.reddit.com/r/Python/comments/1r5y9uc/a_geospatial_constraint_satisfaction_solver/
t3_1r5z85c,gkar1,0,10,https://www.reddit.com/r/Python/comments/1r5z85c/why_are_most_of_the_project_docs_almost_never_put/
t3_1r5a1e2,snoopxz,0,22,https://www.reddit.com/r/Python/comments/1r5a1e2/lazylib_automatically_create_a_venv_install/
